<iq>
<global>
<iq_type>per_pod_spurious_area</iq_type>
<filename_prefix>lux10_20130510T1250</filename_prefix>
<computed_by>AlastairCurrie</computed_by>
<source>Kr-83</source>
<notes>Values to be subtracted from integrated areas for acquisitions with delay_buffer=0. Divide by the gains IQ used to get units of phe.</notes>
<type>measured</type>
</global>
<fit>
<channel>
<PMT_number>1</PMT_number>
<per_pod_spurious_area_mVns>0.108778</per_pod_spurious_area_mVns>
</channel>
<channel>
<PMT_number>2</PMT_number>
<per_pod_spurious_area_mVns>0.19818</per_pod_spurious_area_mVns>
</channel>
<channel>
<PMT_number>3</PMT_number>
<per_pod_spurious_area_mVns>2.52713</per_pod_spurious_area_mVns>
</channel>
<channel>
<PMT_number>4</PMT_number>
<per_pod_spurious_area_mVns>0.672211</per_pod_spurious_area_mVns>
</channel>
<channel>
<PMT_number>5</PMT_number>
<per_pod_spurious_area_mVns>0</per_pod_spurious_area_mVns>
</channel>
<channel>
<PMT_number>6</PMT_number>
<per_pod_spurious_area_mVns>0</per_pod_spurious_area_mVns>
</channel>
<channel>
<PMT_number>7</PMT_number>
<per_pod_spurious_area_mVns>1.58577</per_pod_spurious_area_mVns>
</channel>
<channel>
<PMT_number>8</PMT_number>
<per_pod_spurious_area_mVns>4.67494</per_pod_spurious_area_mVns>
</channel>
<channel>
<PMT_number>9</PMT_number>
<per_pod_spurious_area_mVns>0.015321</per_pod_spurious_area_mVns>
</channel>
<channel>
<PMT_number>10</PMT_number>
<per_pod_spurious_area_mVns>0.00540393</per_pod_spurious_area_mVns>
</channel>
<channel>
<PMT_number>11</PMT_number>
<per_pod_spurious_area_mVns>2.20685</per_pod_spurious_area_mVns>
</channel>
<channel>
<PMT_number>12</PMT_number>
<per_pod_spurious_area_mVns>0.528783</per_pod_spurious_area_mVns>
</channel>
<channel>
<PMT_number>13</PMT_number>
<per_pod_spurious_area_mVns>1.0028</per_pod_spurious_area_mVns>
</channel>
<channel>
<PMT_number>14</PMT_number>
<per_pod_spurious_area_mVns>0.610548</per_pod_spurious_area_mVns>
</channel>
<channel>
<PMT_number>15</PMT_number>
<per_pod_spurious_area_mVns>0.95358</per_pod_spurious_area_mVns>
</channel>
<channel>
<PMT_number>16</PMT_number>
<per_pod_spurious_area_mVns>3.93921</per_pod_spurious_area_mVns>
</channel>
<channel>
<PMT_number>17</PMT_number>
<per_pod_spurious_area_mVns>-0.0200572</per_pod_spurious_area_mVns>
</channel>
<channel>
<PMT_number>18</PMT_number>
<per_pod_spurious_area_mVns>-0.0710301</per_pod_spurious_area_mVns>
</channel>
<channel>
<PMT_number>19</PMT_number>
<per_pod_spurious_area_mVns>2.49801</per_pod_spurious_area_mVns>
</channel>
<channel>
<PMT_number>20</PMT_number>
<per_pod_spurious_area_mVns>0.642676</per_pod_spurious_area_mVns>
</channel>
<channel>
<PMT_number>21</PMT_number>
<per_pod_spurious_area_mVns>0.71806</per_pod_spurious_area_mVns>
</channel>
<channel>
<PMT_number>22</PMT_number>
<per_pod_spurious_area_mVns>0.709298</per_pod_spurious_area_mVns>
</channel>
<channel>
<PMT_number>23</PMT_number>
<per_pod_spurious_area_mVns>0.674465</per_pod_spurious_area_mVns>
</channel>
<channel>
<PMT_number>24</PMT_number>
<per_pod_spurious_area_mVns>3.65537</per_pod_spurious_area_mVns>
</channel>
<channel>
<PMT_number>25</PMT_number>
<per_pod_spurious_area_mVns>0.101282</per_pod_spurious_area_mVns>
</channel>
<channel>
<PMT_number>26</PMT_number>
<per_pod_spurious_area_mVns>-0.0508123</per_pod_spurious_area_mVns>
</channel>
<channel>
<PMT_number>27</PMT_number>
<per_pod_spurious_area_mVns>3.18358</per_pod_spurious_area_mVns>
</channel>
<channel>
<PMT_number>28</PMT_number>
<per_pod_spurious_area_mVns>0.77541</per_pod_spurious_area_mVns>
</channel>
<channel>
<PMT_number>29</PMT_number>
<per_pod_spurious_area_mVns>1.50845</per_pod_spurious_area_mVns>
</channel>
<channel>
<PMT_number>30</PMT_number>
<per_pod_spurious_area_mVns>0.825737</per_pod_spurious_area_mVns>
</channel>
<channel>
<PMT_number>31</PMT_number>
<per_pod_spurious_area_mVns>0</per_pod_spurious_area_mVns>
</channel>
<channel>
<PMT_number>32</PMT_number>
<per_pod_spurious_area_mVns>0</per_pod_spurious_area_mVns>
</channel>
<channel>
<PMT_number>33</PMT_number>
<per_pod_spurious_area_mVns>0.0200557</per_pod_spurious_area_mVns>
</channel>
<channel>
<PMT_number>34</PMT_number>
<per_pod_spurious_area_mVns>-0.0993987</per_pod_spurious_area_mVns>
</channel>
<channel>
<PMT_number>35</PMT_number>
<per_pod_spurious_area_mVns>1.48382</per_pod_spurious_area_mVns>
</channel>
<channel>
<PMT_number>36</PMT_number>
<per_pod_spurious_area_mVns>0.15092</per_pod_spurious_area_mVns>
</channel>
<channel>
<PMT_number>37</PMT_number>
<per_pod_spurious_area_mVns>1.09753</per_pod_spurious_area_mVns>
</channel>
<channel>
<PMT_number>38</PMT_number>
<per_pod_spurious_area_mVns>0.295992</per_pod_spurious_area_mVns>
</channel>
<channel>
<PMT_number>39</PMT_number>
<per_pod_spurious_area_mVns>1.32236</per_pod_spurious_area_mVns>
</channel>
<channel>
<PMT_number>40</PMT_number>
<per_pod_spurious_area_mVns>3.74999</per_pod_spurious_area_mVns>
</channel>
<channel>
<PMT_number>41</PMT_number>
<per_pod_spurious_area_mVns>0.0827929</per_pod_spurious_area_mVns>
</channel>
<channel>
<PMT_number>42</PMT_number>
<per_pod_spurious_area_mVns>0.111164</per_pod_spurious_area_mVns>
</channel>
<channel>
<PMT_number>43</PMT_number>
<per_pod_spurious_area_mVns>1.92145</per_pod_spurious_area_mVns>
</channel>
<channel>
<PMT_number>44</PMT_number>
<per_pod_spurious_area_mVns>0.0904215</per_pod_spurious_area_mVns>
</channel>
<channel>
<PMT_number>45</PMT_number>
<per_pod_spurious_area_mVns>0.920122</per_pod_spurious_area_mVns>
</channel>
<channel>
<PMT_number>46</PMT_number>
<per_pod_spurious_area_mVns>0.20594</per_pod_spurious_area_mVns>
</channel>
<channel>
<PMT_number>47</PMT_number>
<per_pod_spurious_area_mVns>1.08556</per_pod_spurious_area_mVns>
</channel>
<channel>
<PMT_number>48</PMT_number>
<per_pod_spurious_area_mVns>4.13067</per_pod_spurious_area_mVns>
</channel>
<channel>
<PMT_number>49</PMT_number>
<per_pod_spurious_area_mVns>0.227928</per_pod_spurious_area_mVns>
</channel>
<channel>
<PMT_number>50</PMT_number>
<per_pod_spurious_area_mVns>0.0157523</per_pod_spurious_area_mVns>
</channel>
<channel>
<PMT_number>51</PMT_number>
<per_pod_spurious_area_mVns>1.60065</per_pod_spurious_area_mVns>
</channel>
<channel>
<PMT_number>52</PMT_number>
<per_pod_spurious_area_mVns>0.175162</per_pod_spurious_area_mVns>
</channel>
<channel>
<PMT_number>53</PMT_number>
<per_pod_spurious_area_mVns>0.750182</per_pod_spurious_area_mVns>
</channel>
<channel>
<PMT_number>54</PMT_number>
<per_pod_spurious_area_mVns>0.171027</per_pod_spurious_area_mVns>
</channel>
<channel>
<PMT_number>55</PMT_number>
<per_pod_spurious_area_mVns>1.26385</per_pod_spurious_area_mVns>
</channel>
<channel>
<PMT_number>56</PMT_number>
<per_pod_spurious_area_mVns>3.82422</per_pod_spurious_area_mVns>
</channel>
<channel>
<PMT_number>57</PMT_number>
<per_pod_spurious_area_mVns>-0.0094884</per_pod_spurious_area_mVns>
</channel>
<channel>
<PMT_number>58</PMT_number>
<per_pod_spurious_area_mVns>0.018376</per_pod_spurious_area_mVns>
</channel>
<channel>
<PMT_number>59</PMT_number>
<per_pod_spurious_area_mVns>2.26408</per_pod_spurious_area_mVns>
</channel>
<channel>
<PMT_number>60</PMT_number>
<per_pod_spurious_area_mVns>0.199317</per_pod_spurious_area_mVns>
</channel>
<channel>
<PMT_number>61</PMT_number>
<per_pod_spurious_area_mVns>0.779887</per_pod_spurious_area_mVns>
</channel>
<channel>
<PMT_number>62</PMT_number>
<per_pod_spurious_area_mVns>0.255326</per_pod_spurious_area_mVns>
</channel>
<channel>
<PMT_number>63</PMT_number>
<per_pod_spurious_area_mVns>1.12687</per_pod_spurious_area_mVns>
</channel>
<channel>
<PMT_number>64</PMT_number>
<per_pod_spurious_area_mVns>3.21134</per_pod_spurious_area_mVns>
</channel>
<channel>
<PMT_number>65</PMT_number>
<per_pod_spurious_area_mVns>0.000428455</per_pod_spurious_area_mVns>
</channel>
<channel>
<PMT_number>66</PMT_number>
<per_pod_spurious_area_mVns>-0.24009</per_pod_spurious_area_mVns>
</channel>
<channel>
<PMT_number>67</PMT_number>
<per_pod_spurious_area_mVns>1.55595</per_pod_spurious_area_mVns>
</channel>
<channel>
<PMT_number>68</PMT_number>
<per_pod_spurious_area_mVns>0.253028</per_pod_spurious_area_mVns>
</channel>
<channel>
<PMT_number>69</PMT_number>
<per_pod_spurious_area_mVns>0.0962444</per_pod_spurious_area_mVns>
</channel>
<channel>
<PMT_number>70</PMT_number>
<per_pod_spurious_area_mVns>0.380468</per_pod_spurious_area_mVns>
</channel>
<channel>
<PMT_number>71</PMT_number>
<per_pod_spurious_area_mVns>0.687989</per_pod_spurious_area_mVns>
</channel>
<channel>
<PMT_number>72</PMT_number>
<per_pod_spurious_area_mVns>2.91247</per_pod_spurious_area_mVns>
</channel>
<channel>
<PMT_number>73</PMT_number>
<per_pod_spurious_area_mVns>0.115287</per_pod_spurious_area_mVns>
</channel>
<channel>
<PMT_number>74</PMT_number>
<per_pod_spurious_area_mVns>-0.00613518</per_pod_spurious_area_mVns>
</channel>
<channel>
<PMT_number>75</PMT_number>
<per_pod_spurious_area_mVns>1.74122</per_pod_spurious_area_mVns>
</channel>
<channel>
<PMT_number>76</PMT_number>
<per_pod_spurious_area_mVns>0.287297</per_pod_spurious_area_mVns>
</channel>
<channel>
<PMT_number>77</PMT_number>
<per_pod_spurious_area_mVns>0.490001</per_pod_spurious_area_mVns>
</channel>
<channel>
<PMT_number>78</PMT_number>
<per_pod_spurious_area_mVns>0.275513</per_pod_spurious_area_mVns>
</channel>
<channel>
<PMT_number>79</PMT_number>
<per_pod_spurious_area_mVns>0.731017</per_pod_spurious_area_mVns>
</channel>
<channel>
<PMT_number>80</PMT_number>
<per_pod_spurious_area_mVns>2.87204</per_pod_spurious_area_mVns>
</channel>
<channel>
<PMT_number>81</PMT_number>
<per_pod_spurious_area_mVns>0.288691</per_pod_spurious_area_mVns>
</channel>
<channel>
<PMT_number>82</PMT_number>
<per_pod_spurious_area_mVns>0.281397</per_pod_spurious_area_mVns>
</channel>
<channel>
<PMT_number>83</PMT_number>
<per_pod_spurious_area_mVns>2.61843</per_pod_spurious_area_mVns>
</channel>
<channel>
<PMT_number>84</PMT_number>
<per_pod_spurious_area_mVns>0.759727</per_pod_spurious_area_mVns>
</channel>
<channel>
<PMT_number>85</PMT_number>
<per_pod_spurious_area_mVns>1.70052</per_pod_spurious_area_mVns>
</channel>
<channel>
<PMT_number>86</PMT_number>
<per_pod_spurious_area_mVns>0.674609</per_pod_spurious_area_mVns>
</channel>
<channel>
<PMT_number>87</PMT_number>
<per_pod_spurious_area_mVns>1.03716</per_pod_spurious_area_mVns>
</channel>
<channel>
<PMT_number>88</PMT_number>
<per_pod_spurious_area_mVns>3.80636</per_pod_spurious_area_mVns>
</channel>
<channel>
<PMT_number>89</PMT_number>
<per_pod_spurious_area_mVns>0.141897</per_pod_spurious_area_mVns>
</channel>
<channel>
<PMT_number>90</PMT_number>
<per_pod_spurious_area_mVns>0.0373394</per_pod_spurious_area_mVns>
</channel>
<channel>
<PMT_number>91</PMT_number>
<per_pod_spurious_area_mVns>1.74646</per_pod_spurious_area_mVns>
</channel>
<channel>
<PMT_number>92</PMT_number>
<per_pod_spurious_area_mVns>0.584112</per_pod_spurious_area_mVns>
</channel>
<channel>
<PMT_number>93</PMT_number>
<per_pod_spurious_area_mVns>0</per_pod_spurious_area_mVns>
</channel>
<channel>
<PMT_number>94</PMT_number>
<per_pod_spurious_area_mVns>0</per_pod_spurious_area_mVns>
</channel>
<channel>
<PMT_number>95</PMT_number>
<per_pod_spurious_area_mVns>0.391987</per_pod_spurious_area_mVns>
</channel>
<channel>
<PMT_number>96</PMT_number>
<per_pod_spurious_area_mVns>2.58616</per_pod_spurious_area_mVns>
</channel>
<channel>
<PMT_number>97</PMT_number>
<per_pod_spurious_area_mVns>0.19447</per_pod_spurious_area_mVns>
</channel>
<channel>
<PMT_number>98</PMT_number>
<per_pod_spurious_area_mVns>0.139694</per_pod_spurious_area_mVns>
</channel>
<channel>
<PMT_number>99</PMT_number>
<per_pod_spurious_area_mVns>1.70479</per_pod_spurious_area_mVns>
</channel>
<channel>
<PMT_number>100</PMT_number>
<per_pod_spurious_area_mVns>0.340682</per_pod_spurious_area_mVns>
</channel>
<channel>
<PMT_number>101</PMT_number>
<per_pod_spurious_area_mVns>0.658041</per_pod_spurious_area_mVns>
</channel>
<channel>
<PMT_number>102</PMT_number>
<per_pod_spurious_area_mVns>0.280986</per_pod_spurious_area_mVns>
</channel>
<channel>
<PMT_number>103</PMT_number>
<per_pod_spurious_area_mVns>0.454621</per_pod_spurious_area_mVns>
</channel>
<channel>
<PMT_number>104</PMT_number>
<per_pod_spurious_area_mVns>2.53671</per_pod_spurious_area_mVns>
</channel>
<channel>
<PMT_number>105</PMT_number>
<per_pod_spurious_area_mVns>0.333778</per_pod_spurious_area_mVns>
</channel>
<channel>
<PMT_number>106</PMT_number>
<per_pod_spurious_area_mVns>-0.0649457</per_pod_spurious_area_mVns>
</channel>
<channel>
<PMT_number>107</PMT_number>
<per_pod_spurious_area_mVns>1.53379</per_pod_spurious_area_mVns>
</channel>
<channel>
<PMT_number>108</PMT_number>
<per_pod_spurious_area_mVns>0.28604</per_pod_spurious_area_mVns>
</channel>
<channel>
<PMT_number>109</PMT_number>
<per_pod_spurious_area_mVns>-0.13724</per_pod_spurious_area_mVns>
</channel>
<channel>
<PMT_number>110</PMT_number>
<per_pod_spurious_area_mVns>0.131747</per_pod_spurious_area_mVns>
</channel>
<channel>
<PMT_number>111</PMT_number>
<per_pod_spurious_area_mVns>0.630791</per_pod_spurious_area_mVns>
</channel>
<channel>
<PMT_number>112</PMT_number>
<per_pod_spurious_area_mVns>2.06696</per_pod_spurious_area_mVns>
</channel>
<channel>
<PMT_number>113</PMT_number>
<per_pod_spurious_area_mVns>0.152123</per_pod_spurious_area_mVns>
</channel>
<channel>
<PMT_number>114</PMT_number>
<per_pod_spurious_area_mVns>0.138213</per_pod_spurious_area_mVns>
</channel>
<channel>
<PMT_number>115</PMT_number>
<per_pod_spurious_area_mVns>1.56857</per_pod_spurious_area_mVns>
</channel>
<channel>
<PMT_number>116</PMT_number>
<per_pod_spurious_area_mVns>0.286361</per_pod_spurious_area_mVns>
</channel>
<channel>
<PMT_number>117</PMT_number>
<per_pod_spurious_area_mVns>0.137097</per_pod_spurious_area_mVns>
</channel>
<channel>
<PMT_number>118</PMT_number>
<per_pod_spurious_area_mVns>0.213812</per_pod_spurious_area_mVns>
</channel>
<channel>
<PMT_number>119</PMT_number>
<per_pod_spurious_area_mVns>0.220152</per_pod_spurious_area_mVns>
</channel>
<channel>
<PMT_number>120</PMT_number>
<per_pod_spurious_area_mVns>2.15765</per_pod_spurious_area_mVns>
</channel>
<channel>
<PMT_number>121</PMT_number>
<per_pod_spurious_area_mVns>0.238286</per_pod_spurious_area_mVns>
</channel>
<channel>
<PMT_number>122</PMT_number>
<per_pod_spurious_area_mVns>0.133624</per_pod_spurious_area_mVns>
</channel>
</fit>
</iq> 
