<iq>
<global>
<iq_type>pmt_gains</iq_type>
<filename_prefix>lux10_20141105T0834</filename_prefix>
<computed_by>AaronManalaysay</computed_by>
<source>CH3T</source>
<notes>VUV gains from Nov.2014 CH3T data, the method is detailed in LuxDB00000315. Filename_prefix is just the first of 26 datasets used.</notes>
<type>measured</type>
</global>
<fit>
<channel>
<PMT_number>1</PMT_number>
<PMT_bias_V>-1140</PMT_bias_V>
<mVns_per_phe>25.0021</mVns_per_phe>
<sigma_mVns_per_phe>13.7193</sigma_mVns_per_phe>
<error_mVns_per_phe>1.5816</error_mVns_per_phe>
</channel>
<channel>
<PMT_number>2</PMT_number>
<PMT_bias_V>-1190</PMT_bias_V>
<mVns_per_phe>21.7590</mVns_per_phe>
<sigma_mVns_per_phe>18.7473</sigma_mVns_per_phe>
<error_mVns_per_phe>1.6486</error_mVns_per_phe>
</channel>
<channel>
<PMT_number>3</PMT_number>
<PMT_bias_V>-1180</PMT_bias_V>
<mVns_per_phe>22.4663</mVns_per_phe>
<sigma_mVns_per_phe>12.1059</sigma_mVns_per_phe>
<error_mVns_per_phe>0.9210</error_mVns_per_phe>
</channel>
<channel>
<PMT_number>4</PMT_number>
<PMT_bias_V>-1250</PMT_bias_V>
<mVns_per_phe>21.7167</mVns_per_phe>
<sigma_mVns_per_phe>10.8493</sigma_mVns_per_phe>
<error_mVns_per_phe>0.8917</error_mVns_per_phe>
</channel>
<channel>
<PMT_number>5</PMT_number>
<PMT_bias_V>-0</PMT_bias_V>
<mVns_per_phe>9000000000.0000</mVns_per_phe>
<sigma_mVns_per_phe>9000000000.0000</sigma_mVns_per_phe>
<error_mVns_per_phe>9000000000.0000</error_mVns_per_phe>
</channel>
<channel>
<PMT_number>6</PMT_number>
<PMT_bias_V>-1240</PMT_bias_V>
<mVns_per_phe>21.5131</mVns_per_phe>
<sigma_mVns_per_phe>11.7852</sigma_mVns_per_phe>
<error_mVns_per_phe>0.7867</error_mVns_per_phe>
</channel>
<channel>
<PMT_number>7</PMT_number>
<PMT_bias_V>-1190</PMT_bias_V>
<mVns_per_phe>19.0537</mVns_per_phe>
<sigma_mVns_per_phe>9.4398</sigma_mVns_per_phe>
<error_mVns_per_phe>0.7381</error_mVns_per_phe>
</channel>
<channel>
<PMT_number>8</PMT_number>
<PMT_bias_V>-1145</PMT_bias_V>
<mVns_per_phe>21.2501</mVns_per_phe>
<sigma_mVns_per_phe>10.7265</sigma_mVns_per_phe>
<error_mVns_per_phe>0.6710</error_mVns_per_phe>
</channel>
<channel>
<PMT_number>9</PMT_number>
<PMT_bias_V>-1600</PMT_bias_V>
<mVns_per_phe>21.6892</mVns_per_phe>
<sigma_mVns_per_phe>10.4252</sigma_mVns_per_phe>
<error_mVns_per_phe>0.6884</error_mVns_per_phe>
</channel>
<channel>
<PMT_number>10</PMT_number>
<PMT_bias_V>-1130</PMT_bias_V>
<mVns_per_phe>21.2619</mVns_per_phe>
<sigma_mVns_per_phe>10.7833</sigma_mVns_per_phe>
<error_mVns_per_phe>0.7687</error_mVns_per_phe>
</channel>
<channel>
<PMT_number>11</PMT_number>
<PMT_bias_V>-1290</PMT_bias_V>
<mVns_per_phe>17.9996</mVns_per_phe>
<sigma_mVns_per_phe>8.0927</sigma_mVns_per_phe>
<error_mVns_per_phe>0.8691</error_mVns_per_phe>
</channel>
<channel>
<PMT_number>12</PMT_number>
<PMT_bias_V>-1145</PMT_bias_V>
<mVns_per_phe>20.1691</mVns_per_phe>
<sigma_mVns_per_phe>9.8065</sigma_mVns_per_phe>
<error_mVns_per_phe>0.7327</error_mVns_per_phe>
</channel>
<channel>
<PMT_number>13</PMT_number>
<PMT_bias_V>-1150</PMT_bias_V>
<mVns_per_phe>22.1869</mVns_per_phe>
<sigma_mVns_per_phe>10.6939</sigma_mVns_per_phe>
<error_mVns_per_phe>0.8248</error_mVns_per_phe>
</channel>
<channel>
<PMT_number>14</PMT_number>
<PMT_bias_V>-1270</PMT_bias_V>
<mVns_per_phe>22.7362</mVns_per_phe>
<sigma_mVns_per_phe>10.9480</sigma_mVns_per_phe>
<error_mVns_per_phe>0.8899</error_mVns_per_phe>
</channel>
<channel>
<PMT_number>15</PMT_number>
<PMT_bias_V>-1235</PMT_bias_V>
<mVns_per_phe>20.8368</mVns_per_phe>
<sigma_mVns_per_phe>12.9903</sigma_mVns_per_phe>
<error_mVns_per_phe>0.9399</error_mVns_per_phe>
</channel>
<channel>
<PMT_number>16</PMT_number>
<PMT_bias_V>-1290</PMT_bias_V>
<mVns_per_phe>22.0821</mVns_per_phe>
<sigma_mVns_per_phe>10.2121</sigma_mVns_per_phe>
<error_mVns_per_phe>0.7241</error_mVns_per_phe>
</channel>
<channel>
<PMT_number>17</PMT_number>
<PMT_bias_V>-1250</PMT_bias_V>
<mVns_per_phe>20.6348</mVns_per_phe>
<sigma_mVns_per_phe>9.8135</sigma_mVns_per_phe>
<error_mVns_per_phe>0.7227</error_mVns_per_phe>
</channel>
<channel>
<PMT_number>18</PMT_number>
<PMT_bias_V>-1235</PMT_bias_V>
<mVns_per_phe>25.6071</mVns_per_phe>
<sigma_mVns_per_phe>15.0054</sigma_mVns_per_phe>
<error_mVns_per_phe>0.9884</error_mVns_per_phe>
</channel>
<channel>
<PMT_number>19</PMT_number>
<PMT_bias_V>-1320</PMT_bias_V>
<mVns_per_phe>19.2946</mVns_per_phe>
<sigma_mVns_per_phe>12.3334</sigma_mVns_per_phe>
<error_mVns_per_phe>0.7695</error_mVns_per_phe>
</channel>
<channel>
<PMT_number>20</PMT_number>
<PMT_bias_V>-1310</PMT_bias_V>
<mVns_per_phe>21.3917</mVns_per_phe>
<sigma_mVns_per_phe>14.4251</sigma_mVns_per_phe>
<error_mVns_per_phe>0.9897</error_mVns_per_phe>
</channel>
<channel>
<PMT_number>21</PMT_number>
<PMT_bias_V>-1060</PMT_bias_V>
<mVns_per_phe>17.1553</mVns_per_phe>
<sigma_mVns_per_phe>7.0978</sigma_mVns_per_phe>
<error_mVns_per_phe>0.8366</error_mVns_per_phe>
</channel>
<channel>
<PMT_number>22</PMT_number>
<PMT_bias_V>-1235</PMT_bias_V>
<mVns_per_phe>20.7772</mVns_per_phe>
<sigma_mVns_per_phe>9.9910</sigma_mVns_per_phe>
<error_mVns_per_phe>0.7837</error_mVns_per_phe>
</channel>
<channel>
<PMT_number>23</PMT_number>
<PMT_bias_V>-1140</PMT_bias_V>
<mVns_per_phe>18.8986</mVns_per_phe>
<sigma_mVns_per_phe>8.2205</sigma_mVns_per_phe>
<error_mVns_per_phe>0.6701</error_mVns_per_phe>
</channel>
<channel>
<PMT_number>24</PMT_number>
<PMT_bias_V>-1310</PMT_bias_V>
<mVns_per_phe>24.9442</mVns_per_phe>
<sigma_mVns_per_phe>28.3641</sigma_mVns_per_phe>
<error_mVns_per_phe>2.5706</error_mVns_per_phe>
</channel>
<channel>
<PMT_number>25</PMT_number>
<PMT_bias_V>-1150</PMT_bias_V>
<mVns_per_phe>21.3092</mVns_per_phe>
<sigma_mVns_per_phe>10.6986</sigma_mVns_per_phe>
<error_mVns_per_phe>0.8018</error_mVns_per_phe>
</channel>
<channel>
<PMT_number>26</PMT_number>
<PMT_bias_V>-1150</PMT_bias_V>
<mVns_per_phe>18.2409</mVns_per_phe>
<sigma_mVns_per_phe>14.2185</sigma_mVns_per_phe>
<error_mVns_per_phe>0.8024</error_mVns_per_phe>
</channel>
<channel>
<PMT_number>27</PMT_number>
<PMT_bias_V>-1250</PMT_bias_V>
<mVns_per_phe>21.2048</mVns_per_phe>
<sigma_mVns_per_phe>11.6075</sigma_mVns_per_phe>
<error_mVns_per_phe>0.8338</error_mVns_per_phe>
</channel>
<channel>
<PMT_number>28</PMT_number>
<PMT_bias_V>-1260</PMT_bias_V>
<mVns_per_phe>21.0502</mVns_per_phe>
<sigma_mVns_per_phe>9.6332</sigma_mVns_per_phe>
<error_mVns_per_phe>0.6831</error_mVns_per_phe>
</channel>
<channel>
<PMT_number>29</PMT_number>
<PMT_bias_V>-1290</PMT_bias_V>
<mVns_per_phe>21.7281</mVns_per_phe>
<sigma_mVns_per_phe>13.7296</sigma_mVns_per_phe>
<error_mVns_per_phe>1.0185</error_mVns_per_phe>
</channel>
<channel>
<PMT_number>30</PMT_number>
<PMT_bias_V>-1240</PMT_bias_V>
<mVns_per_phe>20.5039</mVns_per_phe>
<sigma_mVns_per_phe>12.3591</sigma_mVns_per_phe>
<error_mVns_per_phe>0.9383</error_mVns_per_phe>
</channel>
<channel>
<PMT_number>31</PMT_number>
<PMT_bias_V>-1140</PMT_bias_V>
<mVns_per_phe>20.2551</mVns_per_phe>
<sigma_mVns_per_phe>12.0406</sigma_mVns_per_phe>
<error_mVns_per_phe>1.3173</error_mVns_per_phe>
</channel>
<channel>
<PMT_number>32</PMT_number>
<PMT_bias_V>-0</PMT_bias_V>
<mVns_per_phe>9000000000.0000</mVns_per_phe>
<sigma_mVns_per_phe>9000000000.0000</sigma_mVns_per_phe>
<error_mVns_per_phe>9000000000.0000</error_mVns_per_phe>
</channel>
<channel>
<PMT_number>33</PMT_number>
<PMT_bias_V>-1145</PMT_bias_V>
<mVns_per_phe>18.4968</mVns_per_phe>
<sigma_mVns_per_phe>8.7405</sigma_mVns_per_phe>
<error_mVns_per_phe>0.7119</error_mVns_per_phe>
</channel>
<channel>
<PMT_number>34</PMT_number>
<PMT_bias_V>-1140</PMT_bias_V>
<mVns_per_phe>21.7612</mVns_per_phe>
<sigma_mVns_per_phe>9.8384</sigma_mVns_per_phe>
<error_mVns_per_phe>0.8086</error_mVns_per_phe>
</channel>
<channel>
<PMT_number>35</PMT_number>
<PMT_bias_V>-1130</PMT_bias_V>
<mVns_per_phe>21.4633</mVns_per_phe>
<sigma_mVns_per_phe>12.7982</sigma_mVns_per_phe>
<error_mVns_per_phe>1.1122</error_mVns_per_phe>
</channel>
<channel>
<PMT_number>36</PMT_number>
<PMT_bias_V>-1215</PMT_bias_V>
<mVns_per_phe>22.5619</mVns_per_phe>
<sigma_mVns_per_phe>13.1578</sigma_mVns_per_phe>
<error_mVns_per_phe>0.9314</error_mVns_per_phe>
</channel>
<channel>
<PMT_number>37</PMT_number>
<PMT_bias_V>-1290</PMT_bias_V>
<mVns_per_phe>19.8223</mVns_per_phe>
<sigma_mVns_per_phe>8.7406</sigma_mVns_per_phe>
<error_mVns_per_phe>0.6225</error_mVns_per_phe>
</channel>
<channel>
<PMT_number>38</PMT_number>
<PMT_bias_V>-1260</PMT_bias_V>
<mVns_per_phe>20.1402</mVns_per_phe>
<sigma_mVns_per_phe>9.3092</sigma_mVns_per_phe>
<error_mVns_per_phe>0.6130</error_mVns_per_phe>
</channel>
<channel>
<PMT_number>39</PMT_number>
<PMT_bias_V>-1260</PMT_bias_V>
<mVns_per_phe>19.3418</mVns_per_phe>
<sigma_mVns_per_phe>10.2514</sigma_mVns_per_phe>
<error_mVns_per_phe>0.6729</error_mVns_per_phe>
</channel>
<channel>
<PMT_number>40</PMT_number>
<PMT_bias_V>-1260</PMT_bias_V>
<mVns_per_phe>23.2040</mVns_per_phe>
<sigma_mVns_per_phe>12.8321</sigma_mVns_per_phe>
<error_mVns_per_phe>0.8401</error_mVns_per_phe>
</channel>
<channel>
<PMT_number>41</PMT_number>
<PMT_bias_V>-1145</PMT_bias_V>
<mVns_per_phe>17.7744</mVns_per_phe>
<sigma_mVns_per_phe>9.8766</sigma_mVns_per_phe>
<error_mVns_per_phe>1.3261</error_mVns_per_phe>
</channel>
<channel>
<PMT_number>42</PMT_number>
<PMT_bias_V>-1060</PMT_bias_V>
<mVns_per_phe>19.6326</mVns_per_phe>
<sigma_mVns_per_phe>10.3134</sigma_mVns_per_phe>
<error_mVns_per_phe>0.8943</error_mVns_per_phe>
</channel>
<channel>
<PMT_number>43</PMT_number>
<PMT_bias_V>-1290</PMT_bias_V>
<mVns_per_phe>24.2360</mVns_per_phe>
<sigma_mVns_per_phe>12.6231</sigma_mVns_per_phe>
<error_mVns_per_phe>0.9057</error_mVns_per_phe>
</channel>
<channel>
<PMT_number>44</PMT_number>
<PMT_bias_V>-1140</PMT_bias_V>
<mVns_per_phe>21.3339</mVns_per_phe>
<sigma_mVns_per_phe>10.5664</sigma_mVns_per_phe>
<error_mVns_per_phe>0.7819</error_mVns_per_phe>
</channel>
<channel>
<PMT_number>45</PMT_number>
<PMT_bias_V>-1260</PMT_bias_V>
<mVns_per_phe>21.3024</mVns_per_phe>
<sigma_mVns_per_phe>9.8794</sigma_mVns_per_phe>
<error_mVns_per_phe>0.7528</error_mVns_per_phe>
</channel>
<channel>
<PMT_number>46</PMT_number>
<PMT_bias_V>-1130</PMT_bias_V>
<mVns_per_phe>19.9689</mVns_per_phe>
<sigma_mVns_per_phe>9.3289</sigma_mVns_per_phe>
<error_mVns_per_phe>0.6938</error_mVns_per_phe>
</channel>
<channel>
<PMT_number>47</PMT_number>
<PMT_bias_V>-1165</PMT_bias_V>
<mVns_per_phe>19.1496</mVns_per_phe>
<sigma_mVns_per_phe>10.1946</sigma_mVns_per_phe>
<error_mVns_per_phe>0.8579</error_mVns_per_phe>
</channel>
<channel>
<PMT_number>48</PMT_number>
<PMT_bias_V>-1145</PMT_bias_V>
<mVns_per_phe>24.1090</mVns_per_phe>
<sigma_mVns_per_phe>11.7783</sigma_mVns_per_phe>
<error_mVns_per_phe>0.8125</error_mVns_per_phe>
</channel>
<channel>
<PMT_number>49</PMT_number>
<PMT_bias_V>-1165</PMT_bias_V>
<mVns_per_phe>19.7031</mVns_per_phe>
<sigma_mVns_per_phe>9.0798</sigma_mVns_per_phe>
<error_mVns_per_phe>0.7125</error_mVns_per_phe>
</channel>
<channel>
<PMT_number>50</PMT_number>
<PMT_bias_V>-1240</PMT_bias_V>
<mVns_per_phe>18.9464</mVns_per_phe>
<sigma_mVns_per_phe>9.4304</sigma_mVns_per_phe>
<error_mVns_per_phe>0.6656</error_mVns_per_phe>
</channel>
<channel>
<PMT_number>51</PMT_number>
<PMT_bias_V>-1450</PMT_bias_V>
<mVns_per_phe>20.0478</mVns_per_phe>
<sigma_mVns_per_phe>9.9040</sigma_mVns_per_phe>
<error_mVns_per_phe>1.1277</error_mVns_per_phe>
</channel>
<channel>
<PMT_number>52</PMT_number>
<PMT_bias_V>-1370</PMT_bias_V>
<mVns_per_phe>19.7001</mVns_per_phe>
<sigma_mVns_per_phe>8.1946</sigma_mVns_per_phe>
<error_mVns_per_phe>0.7059</error_mVns_per_phe>
</channel>
<channel>
<PMT_number>53</PMT_number>
<PMT_bias_V>-1340</PMT_bias_V>
<mVns_per_phe>22.7782</mVns_per_phe>
<sigma_mVns_per_phe>9.9498</sigma_mVns_per_phe>
<error_mVns_per_phe>0.7750</error_mVns_per_phe>
</channel>
<channel>
<PMT_number>54</PMT_number>
<PMT_bias_V>-1085</PMT_bias_V>
<mVns_per_phe>26.7864</mVns_per_phe>
<sigma_mVns_per_phe>16.9189</sigma_mVns_per_phe>
<error_mVns_per_phe>1.3842</error_mVns_per_phe>
</channel>
<channel>
<PMT_number>55</PMT_number>
<PMT_bias_V>-1270</PMT_bias_V>
<mVns_per_phe>21.5321</mVns_per_phe>
<sigma_mVns_per_phe>14.1629</sigma_mVns_per_phe>
<error_mVns_per_phe>1.1011</error_mVns_per_phe>
</channel>
<channel>
<PMT_number>56</PMT_number>
<PMT_bias_V>-1090</PMT_bias_V>
<mVns_per_phe>18.9744</mVns_per_phe>
<sigma_mVns_per_phe>10.2322</sigma_mVns_per_phe>
<error_mVns_per_phe>0.7239</error_mVns_per_phe>
</channel>
<channel>
<PMT_number>57</PMT_number>
<PMT_bias_V>-1120</PMT_bias_V>
<mVns_per_phe>16.8768</mVns_per_phe>
<sigma_mVns_per_phe>7.7244</sigma_mVns_per_phe>
<error_mVns_per_phe>0.5970</error_mVns_per_phe>
</channel>
<channel>
<PMT_number>58</PMT_number>
<PMT_bias_V>-1140</PMT_bias_V>
<mVns_per_phe>16.3464</mVns_per_phe>
<sigma_mVns_per_phe>8.0453</sigma_mVns_per_phe>
<error_mVns_per_phe>0.6354</error_mVns_per_phe>
</channel>
<channel>
<PMT_number>59</PMT_number>
<PMT_bias_V>-1180</PMT_bias_V>
<mVns_per_phe>22.4532</mVns_per_phe>
<sigma_mVns_per_phe>14.8612</sigma_mVns_per_phe>
<error_mVns_per_phe>0.9999</error_mVns_per_phe>
</channel>
<channel>
<PMT_number>60</PMT_number>
<PMT_bias_V>-1450</PMT_bias_V>
<mVns_per_phe>16.0399</mVns_per_phe>
<sigma_mVns_per_phe>10.1798</sigma_mVns_per_phe>
<error_mVns_per_phe>0.6846</error_mVns_per_phe>
</channel>
<channel>
<PMT_number>61</PMT_number>
<PMT_bias_V>-1450</PMT_bias_V>
<mVns_per_phe>31.6619</mVns_per_phe>
<sigma_mVns_per_phe>15.5682</sigma_mVns_per_phe>
<error_mVns_per_phe>0.8453</error_mVns_per_phe>
</channel>
<channel>
<PMT_number>62</PMT_number>
<PMT_bias_V>-1290</PMT_bias_V>
<mVns_per_phe>21.7902</mVns_per_phe>
<sigma_mVns_per_phe>11.7120</sigma_mVns_per_phe>
<error_mVns_per_phe>0.5362</error_mVns_per_phe>
</channel>
<channel>
<PMT_number>63</PMT_number>
<PMT_bias_V>-1140</PMT_bias_V>
<mVns_per_phe>22.2417</mVns_per_phe>
<sigma_mVns_per_phe>14.4824</sigma_mVns_per_phe>
<error_mVns_per_phe>0.7245</error_mVns_per_phe>
</channel>
<channel>
<PMT_number>64</PMT_number>
<PMT_bias_V>-1260</PMT_bias_V>
<mVns_per_phe>22.4081</mVns_per_phe>
<sigma_mVns_per_phe>10.6471</sigma_mVns_per_phe>
<error_mVns_per_phe>0.4755</error_mVns_per_phe>
</channel>
<channel>
<PMT_number>65</PMT_number>
<PMT_bias_V>-1600</PMT_bias_V>
<mVns_per_phe>34.2082</mVns_per_phe>
<sigma_mVns_per_phe>33.4218</sigma_mVns_per_phe>
<error_mVns_per_phe>1.6959</error_mVns_per_phe>
</channel>
<channel>
<PMT_number>66</PMT_number>
<PMT_bias_V>-1180</PMT_bias_V>
<mVns_per_phe>20.3695</mVns_per_phe>
<sigma_mVns_per_phe>9.4683</sigma_mVns_per_phe>
<error_mVns_per_phe>0.4453</error_mVns_per_phe>
</channel>
<channel>
<PMT_number>67</PMT_number>
<PMT_bias_V>-1260</PMT_bias_V>
<mVns_per_phe>22.1752</mVns_per_phe>
<sigma_mVns_per_phe>10.9679</sigma_mVns_per_phe>
<error_mVns_per_phe>0.4990</error_mVns_per_phe>
</channel>
<channel>
<PMT_number>68</PMT_number>
<PMT_bias_V>-1090</PMT_bias_V>
<mVns_per_phe>22.7626</mVns_per_phe>
<sigma_mVns_per_phe>12.7063</sigma_mVns_per_phe>
<error_mVns_per_phe>0.5438</error_mVns_per_phe>
</channel>
<channel>
<PMT_number>69</PMT_number>
<PMT_bias_V>-1130</PMT_bias_V>
<mVns_per_phe>20.7200</mVns_per_phe>
<sigma_mVns_per_phe>10.2940</sigma_mVns_per_phe>
<error_mVns_per_phe>0.4425</error_mVns_per_phe>
</channel>
<channel>
<PMT_number>70</PMT_number>
<PMT_bias_V>-1185</PMT_bias_V>
<mVns_per_phe>20.2929</mVns_per_phe>
<sigma_mVns_per_phe>9.6816</sigma_mVns_per_phe>
<error_mVns_per_phe>0.4028</error_mVns_per_phe>
</channel>
<channel>
<PMT_number>71</PMT_number>
<PMT_bias_V>-1310</PMT_bias_V>
<mVns_per_phe>18.8740</mVns_per_phe>
<sigma_mVns_per_phe>9.6814</sigma_mVns_per_phe>
<error_mVns_per_phe>0.5327</error_mVns_per_phe>
</channel>
<channel>
<PMT_number>72</PMT_number>
<PMT_bias_V>-1090</PMT_bias_V>
<mVns_per_phe>16.9674</mVns_per_phe>
<sigma_mVns_per_phe>9.1191</sigma_mVns_per_phe>
<error_mVns_per_phe>0.5941</error_mVns_per_phe>
</channel>
<channel>
<PMT_number>73</PMT_number>
<PMT_bias_V>-1180</PMT_bias_V>
<mVns_per_phe>21.9027</mVns_per_phe>
<sigma_mVns_per_phe>11.6569</sigma_mVns_per_phe>
<error_mVns_per_phe>0.5755</error_mVns_per_phe>
</channel>
<channel>
<PMT_number>74</PMT_number>
<PMT_bias_V>-1085</PMT_bias_V>
<mVns_per_phe>16.9116</mVns_per_phe>
<sigma_mVns_per_phe>8.7059</sigma_mVns_per_phe>
<error_mVns_per_phe>0.4515</error_mVns_per_phe>
</channel>
<channel>
<PMT_number>75</PMT_number>
<PMT_bias_V>-1185</PMT_bias_V>
<mVns_per_phe>26.3155</mVns_per_phe>
<sigma_mVns_per_phe>12.4378</sigma_mVns_per_phe>
<error_mVns_per_phe>0.5260</error_mVns_per_phe>
</channel>
<channel>
<PMT_number>76</PMT_number>
<PMT_bias_V>-1290</PMT_bias_V>
<mVns_per_phe>21.9126</mVns_per_phe>
<sigma_mVns_per_phe>10.0134</sigma_mVns_per_phe>
<error_mVns_per_phe>0.4628</error_mVns_per_phe>
</channel>
<channel>
<PMT_number>77</PMT_number>
<PMT_bias_V>-1140</PMT_bias_V>
<mVns_per_phe>24.8895</mVns_per_phe>
<sigma_mVns_per_phe>11.7217</sigma_mVns_per_phe>
<error_mVns_per_phe>0.4972</error_mVns_per_phe>
</channel>
<channel>
<PMT_number>78</PMT_number>
<PMT_bias_V>-1140</PMT_bias_V>
<mVns_per_phe>20.1493</mVns_per_phe>
<sigma_mVns_per_phe>10.4856</sigma_mVns_per_phe>
<error_mVns_per_phe>0.5060</error_mVns_per_phe>
</channel>
<channel>
<PMT_number>79</PMT_number>
<PMT_bias_V>-1340</PMT_bias_V>
<mVns_per_phe>20.4580</mVns_per_phe>
<sigma_mVns_per_phe>9.5033</sigma_mVns_per_phe>
<error_mVns_per_phe>0.4329</error_mVns_per_phe>
</channel>
<channel>
<PMT_number>80</PMT_number>
<PMT_bias_V>-1215</PMT_bias_V>
<mVns_per_phe>21.0070</mVns_per_phe>
<sigma_mVns_per_phe>10.8556</sigma_mVns_per_phe>
<error_mVns_per_phe>0.4894</error_mVns_per_phe>
</channel>
<channel>
<PMT_number>81</PMT_number>
<PMT_bias_V>-1145</PMT_bias_V>
<mVns_per_phe>19.7048</mVns_per_phe>
<sigma_mVns_per_phe>8.8140</sigma_mVns_per_phe>
<error_mVns_per_phe>0.5061</error_mVns_per_phe>
</channel>
<channel>
<PMT_number>82</PMT_number>
<PMT_bias_V>-1130</PMT_bias_V>
<mVns_per_phe>20.1538</mVns_per_phe>
<sigma_mVns_per_phe>10.3864</sigma_mVns_per_phe>
<error_mVns_per_phe>0.5495</error_mVns_per_phe>
</channel>
<channel>
<PMT_number>83</PMT_number>
<PMT_bias_V>-1085</PMT_bias_V>
<mVns_per_phe>16.6251</mVns_per_phe>
<sigma_mVns_per_phe>8.6542</sigma_mVns_per_phe>
<error_mVns_per_phe>0.4411</error_mVns_per_phe>
</channel>
<channel>
<PMT_number>84</PMT_number>
<PMT_bias_V>-1290</PMT_bias_V>
<mVns_per_phe>20.8260</mVns_per_phe>
<sigma_mVns_per_phe>9.3636</sigma_mVns_per_phe>
<error_mVns_per_phe>0.4184</error_mVns_per_phe>
</channel>
<channel>
<PMT_number>85</PMT_number>
<PMT_bias_V>-1060</PMT_bias_V>
<mVns_per_phe>19.9487</mVns_per_phe>
<sigma_mVns_per_phe>10.5172</sigma_mVns_per_phe>
<error_mVns_per_phe>0.5013</error_mVns_per_phe>
</channel>
<channel>
<PMT_number>86</PMT_number>
<PMT_bias_V>-1320</PMT_bias_V>
<mVns_per_phe>20.0827</mVns_per_phe>
<sigma_mVns_per_phe>9.9631</sigma_mVns_per_phe>
<error_mVns_per_phe>0.4445</error_mVns_per_phe>
</channel>
<channel>
<PMT_number>87</PMT_number>
<PMT_bias_V>-1190</PMT_bias_V>
<mVns_per_phe>20.5153</mVns_per_phe>
<sigma_mVns_per_phe>11.1661</sigma_mVns_per_phe>
<error_mVns_per_phe>0.5351</error_mVns_per_phe>
</channel>
<channel>
<PMT_number>88</PMT_number>
<PMT_bias_V>-1140</PMT_bias_V>
<mVns_per_phe>26.2465</mVns_per_phe>
<sigma_mVns_per_phe>13.5612</sigma_mVns_per_phe>
<error_mVns_per_phe>0.5817</error_mVns_per_phe>
</channel>
<channel>
<PMT_number>89</PMT_number>
<PMT_bias_V>-1215</PMT_bias_V>
<mVns_per_phe>22.5635</mVns_per_phe>
<sigma_mVns_per_phe>12.8293</sigma_mVns_per_phe>
<error_mVns_per_phe>0.5572</error_mVns_per_phe>
</channel>
<channel>
<PMT_number>90</PMT_number>
<PMT_bias_V>-1250</PMT_bias_V>
<mVns_per_phe>18.9132</mVns_per_phe>
<sigma_mVns_per_phe>9.5867</sigma_mVns_per_phe>
<error_mVns_per_phe>0.4424</error_mVns_per_phe>
</channel>
<channel>
<PMT_number>91</PMT_number>
<PMT_bias_V>-1140</PMT_bias_V>
<mVns_per_phe>24.0107</mVns_per_phe>
<sigma_mVns_per_phe>13.9144</sigma_mVns_per_phe>
<error_mVns_per_phe>0.8308</error_mVns_per_phe>
</channel>
<channel>
<PMT_number>92</PMT_number>
<PMT_bias_V>-1270</PMT_bias_V>
<mVns_per_phe>24.0094</mVns_per_phe>
<sigma_mVns_per_phe>13.4452</sigma_mVns_per_phe>
<error_mVns_per_phe>0.7277</error_mVns_per_phe>
</channel>
<channel>
<PMT_number>93</PMT_number>
<PMT_bias_V>-1225</PMT_bias_V>
<mVns_per_phe>9000000000.0000</mVns_per_phe>
<sigma_mVns_per_phe>9000000000.0000</sigma_mVns_per_phe>
<error_mVns_per_phe>9000000000.0000</error_mVns_per_phe>
</channel>
<channel>
<PMT_number>94</PMT_number>
<PMT_bias_V>-1290</PMT_bias_V>
<mVns_per_phe>20.8455</mVns_per_phe>
<sigma_mVns_per_phe>9.5493</sigma_mVns_per_phe>
<error_mVns_per_phe>0.4324</error_mVns_per_phe>
</channel>
<channel>
<PMT_number>95</PMT_number>
<PMT_bias_V>-1260</PMT_bias_V>
<mVns_per_phe>19.0172</mVns_per_phe>
<sigma_mVns_per_phe>10.1463</sigma_mVns_per_phe>
<error_mVns_per_phe>0.4305</error_mVns_per_phe>
</channel>
<channel>
<PMT_number>96</PMT_number>
<PMT_bias_V>-1450</PMT_bias_V>
<mVns_per_phe>24.2587</mVns_per_phe>
<sigma_mVns_per_phe>15.0769</sigma_mVns_per_phe>
<error_mVns_per_phe>0.6551</error_mVns_per_phe>
</channel>
<channel>
<PMT_number>97</PMT_number>
<PMT_bias_V>-1085</PMT_bias_V>
<mVns_per_phe>19.5526</mVns_per_phe>
<sigma_mVns_per_phe>11.2044</sigma_mVns_per_phe>
<error_mVns_per_phe>0.5495</error_mVns_per_phe>
</channel>
<channel>
<PMT_number>98</PMT_number>
<PMT_bias_V>-1090</PMT_bias_V>
<mVns_per_phe>20.1416</mVns_per_phe>
<sigma_mVns_per_phe>10.8430</sigma_mVns_per_phe>
<error_mVns_per_phe>0.4751</error_mVns_per_phe>
</channel>
<channel>
<PMT_number>99</PMT_number>
<PMT_bias_V>-1185</PMT_bias_V>
<mVns_per_phe>21.9787</mVns_per_phe>
<sigma_mVns_per_phe>12.6159</sigma_mVns_per_phe>
<error_mVns_per_phe>0.5765</error_mVns_per_phe>
</channel>
<channel>
<PMT_number>100</PMT_number>
<PMT_bias_V>-1190</PMT_bias_V>
<mVns_per_phe>20.6664</mVns_per_phe>
<sigma_mVns_per_phe>10.3055</sigma_mVns_per_phe>
<error_mVns_per_phe>0.4559</error_mVns_per_phe>
</channel>
<channel>
<PMT_number>101</PMT_number>
<PMT_bias_V>-1130</PMT_bias_V>
<mVns_per_phe>25.6023</mVns_per_phe>
<sigma_mVns_per_phe>13.0318</sigma_mVns_per_phe>
<error_mVns_per_phe>0.7854</error_mVns_per_phe>
</channel>
<channel>
<PMT_number>102</PMT_number>
<PMT_bias_V>-1060</PMT_bias_V>
<mVns_per_phe>18.4070</mVns_per_phe>
<sigma_mVns_per_phe>9.5734</sigma_mVns_per_phe>
<error_mVns_per_phe>0.4768</error_mVns_per_phe>
</channel>
<channel>
<PMT_number>103</PMT_number>
<PMT_bias_V>-1130</PMT_bias_V>
<mVns_per_phe>17.4323</mVns_per_phe>
<sigma_mVns_per_phe>8.3074</sigma_mVns_per_phe>
<error_mVns_per_phe>0.4180</error_mVns_per_phe>
</channel>
<channel>
<PMT_number>104</PMT_number>
<PMT_bias_V>-1165</PMT_bias_V>
<mVns_per_phe>20.9620</mVns_per_phe>
<sigma_mVns_per_phe>11.1223</sigma_mVns_per_phe>
<error_mVns_per_phe>0.4796</error_mVns_per_phe>
</channel>
<channel>
<PMT_number>105</PMT_number>
<PMT_bias_V>-1370</PMT_bias_V>
<mVns_per_phe>19.2084</mVns_per_phe>
<sigma_mVns_per_phe>9.2593</sigma_mVns_per_phe>
<error_mVns_per_phe>0.4055</error_mVns_per_phe>
</channel>
<channel>
<PMT_number>106</PMT_number>
<PMT_bias_V>-1185</PMT_bias_V>
<mVns_per_phe>20.0472</mVns_per_phe>
<sigma_mVns_per_phe>9.7109</sigma_mVns_per_phe>
<error_mVns_per_phe>0.4162</error_mVns_per_phe>
</channel>
<channel>
<PMT_number>107</PMT_number>
<PMT_bias_V>-0</PMT_bias_V>
<mVns_per_phe>21.1554</mVns_per_phe>
<sigma_mVns_per_phe>13.3422</sigma_mVns_per_phe>
<error_mVns_per_phe>0.5843</error_mVns_per_phe>
</channel>
<channel>
<PMT_number>108</PMT_number>
<PMT_bias_V>-1290</PMT_bias_V>
<mVns_per_phe>20.1507</mVns_per_phe>
<sigma_mVns_per_phe>9.3106</sigma_mVns_per_phe>
<error_mVns_per_phe>0.3854</error_mVns_per_phe>
</channel>
<channel>
<PMT_number>109</PMT_number>
<PMT_bias_V>-1145</PMT_bias_V>
<mVns_per_phe>19.1540</mVns_per_phe>
<sigma_mVns_per_phe>10.8116</sigma_mVns_per_phe>
<error_mVns_per_phe>0.4723</error_mVns_per_phe>
</channel>
<channel>
<PMT_number>110</PMT_number>
<PMT_bias_V>-1270</PMT_bias_V>
<mVns_per_phe>20.9745</mVns_per_phe>
<sigma_mVns_per_phe>11.2737</sigma_mVns_per_phe>
<error_mVns_per_phe>0.5011</error_mVns_per_phe>
</channel>
<channel>
<PMT_number>111</PMT_number>
<PMT_bias_V>-1140</PMT_bias_V>
<mVns_per_phe>19.7626</mVns_per_phe>
<sigma_mVns_per_phe>9.8422</sigma_mVns_per_phe>
<error_mVns_per_phe>0.5836</error_mVns_per_phe>
</channel>
<channel>
<PMT_number>112</PMT_number>
<PMT_bias_V>-1215</PMT_bias_V>
<mVns_per_phe>20.5657</mVns_per_phe>
<sigma_mVns_per_phe>10.7389</sigma_mVns_per_phe>
<error_mVns_per_phe>0.5179</error_mVns_per_phe>
</channel>
<channel>
<PMT_number>113</PMT_number>
<PMT_bias_V>-1320</PMT_bias_V>
<mVns_per_phe>18.6727</mVns_per_phe>
<sigma_mVns_per_phe>9.5588</sigma_mVns_per_phe>
<error_mVns_per_phe>0.4751</error_mVns_per_phe>
</channel>
<channel>
<PMT_number>114</PMT_number>
<PMT_bias_V>-1240</PMT_bias_V>
<mVns_per_phe>20.6794</mVns_per_phe>
<sigma_mVns_per_phe>9.6027</sigma_mVns_per_phe>
<error_mVns_per_phe>0.4831</error_mVns_per_phe>
</channel>
<channel>
<PMT_number>115</PMT_number>
<PMT_bias_V>-1340</PMT_bias_V>
<mVns_per_phe>21.8629</mVns_per_phe>
<sigma_mVns_per_phe>10.2971</sigma_mVns_per_phe>
<error_mVns_per_phe>0.4423</error_mVns_per_phe>
</channel>
<channel>
<PMT_number>116</PMT_number>
<PMT_bias_V>-1130</PMT_bias_V>
<mVns_per_phe>19.9388</mVns_per_phe>
<sigma_mVns_per_phe>9.9959</sigma_mVns_per_phe>
<error_mVns_per_phe>0.4869</error_mVns_per_phe>
</channel>
<channel>
<PMT_number>117</PMT_number>
<PMT_bias_V>-0</PMT_bias_V>
<mVns_per_phe>9000000000.0000</mVns_per_phe>
<sigma_mVns_per_phe>9000000000.0000</sigma_mVns_per_phe>
<error_mVns_per_phe>9000000000.0000</error_mVns_per_phe>
</channel>
<channel>
<PMT_number>118</PMT_number>
<PMT_bias_V>-1165</PMT_bias_V>
<mVns_per_phe>21.1347</mVns_per_phe>
<sigma_mVns_per_phe>12.1925</sigma_mVns_per_phe>
<error_mVns_per_phe>0.5909</error_mVns_per_phe>
</channel>
<channel>
<PMT_number>119</PMT_number>
<PMT_bias_V>-1150</PMT_bias_V>
<mVns_per_phe>20.6382</mVns_per_phe>
<sigma_mVns_per_phe>9.6958</sigma_mVns_per_phe>
<error_mVns_per_phe>0.4329</error_mVns_per_phe>
</channel>
<channel>
<PMT_number>120</PMT_number>
<PMT_bias_V>-1235</PMT_bias_V>
<mVns_per_phe>23.7200</mVns_per_phe>
<sigma_mVns_per_phe>14.3556</sigma_mVns_per_phe>
<error_mVns_per_phe>0.6603</error_mVns_per_phe>
</channel>
<channel>
<PMT_number>121</PMT_number>
<PMT_bias_V>-1120</PMT_bias_V>
<mVns_per_phe>20.2855</mVns_per_phe>
<sigma_mVns_per_phe>12.0811</sigma_mVns_per_phe>
<error_mVns_per_phe>0.8967</error_mVns_per_phe>
</channel>
<channel>
<PMT_number>122</PMT_number>
<PMT_bias_V>-1290</PMT_bias_V>
<mVns_per_phe>18.5796</mVns_per_phe>
<sigma_mVns_per_phe>9.5903</sigma_mVns_per_phe>
<error_mVns_per_phe>0.4632</error_mVns_per_phe>
</channel>
</fit>
</iq> 
