<iq>
<global>
<iq_type>pmt_gains</iq_type>
<filename_prefix>lux10_20130510T1250</filename_prefix>
<computed_by>AlastairCurrie</computed_by>
<source>Kr-83</source>
<notes>Testing VUV Photons Estimated to be Detected</notes>
<type>measured</type>
</global>
<fit>
<channel>
<PMT_number>1</PMT_number>
<PMT_bias_V>-1140</PMT_bias_V>
<mVns_per_phe>24.4276</mVns_per_phe>
<sigma_mVns_per_phe>12.0788</sigma_mVns_per_phe>
<error_mVns_per_phe>0.15387</error_mVns_per_phe>
</channel>
<channel>
<PMT_number>2</PMT_number>
<PMT_bias_V>-1190</PMT_bias_V>
<mVns_per_phe>19.8938</mVns_per_phe>
<sigma_mVns_per_phe>10.783</sigma_mVns_per_phe>
<error_mVns_per_phe>0.10903</error_mVns_per_phe>
</channel>
<channel>
<PMT_number>3</PMT_number>
<PMT_bias_V>-1180</PMT_bias_V>
<mVns_per_phe>24.4022</mVns_per_phe>
<sigma_mVns_per_phe>11.6781</sigma_mVns_per_phe>
<error_mVns_per_phe>0.11299</error_mVns_per_phe>
</channel>
<channel>
<PMT_number>4</PMT_number>
<PMT_bias_V>-1250</PMT_bias_V>
<mVns_per_phe>20.9572</mVns_per_phe>
<sigma_mVns_per_phe>10.4021</sigma_mVns_per_phe>
<error_mVns_per_phe>0.098618</error_mVns_per_phe>
</channel>
<channel>
<PMT_number>5</PMT_number>
<PMT_bias_V>0</PMT_bias_V>
<mVns_per_phe>9000000000</mVns_per_phe>
<sigma_mVns_per_phe>9000000000</sigma_mVns_per_phe>
<error_mVns_per_phe>9000000000</error_mVns_per_phe>
</channel>
<channel>
<PMT_number>6</PMT_number>
<PMT_bias_V>-1240</PMT_bias_V>
<mVns_per_phe>21.1974</mVns_per_phe>
<sigma_mVns_per_phe>10.734</sigma_mVns_per_phe>
<error_mVns_per_phe>0.08297</error_mVns_per_phe>
</channel>
<channel>
<PMT_number>7</PMT_number>
<PMT_bias_V>-1190</PMT_bias_V>
<mVns_per_phe>20.5558</mVns_per_phe>
<sigma_mVns_per_phe>10.4153</sigma_mVns_per_phe>
<error_mVns_per_phe>0.096705</error_mVns_per_phe>
</channel>
<channel>
<PMT_number>8</PMT_number>
<PMT_bias_V>-1145</PMT_bias_V>
<mVns_per_phe>25.0605</mVns_per_phe>
<sigma_mVns_per_phe>12.0618</sigma_mVns_per_phe>
<error_mVns_per_phe>0.091406</error_mVns_per_phe>
</channel>
<channel>
<PMT_number>9</PMT_number>
<PMT_bias_V>-1600</PMT_bias_V>
<mVns_per_phe>22.4175</mVns_per_phe>
<sigma_mVns_per_phe>11.2292</sigma_mVns_per_phe>
<error_mVns_per_phe>0.089056</error_mVns_per_phe>
</channel>
<channel>
<PMT_number>10</PMT_number>
<PMT_bias_V>-1130</PMT_bias_V>
<mVns_per_phe>22.7953</mVns_per_phe>
<sigma_mVns_per_phe>12.2621</sigma_mVns_per_phe>
<error_mVns_per_phe>0.10483</error_mVns_per_phe>
</channel>
<channel>
<PMT_number>11</PMT_number>
<PMT_bias_V>-1290</PMT_bias_V>
<mVns_per_phe>21.3325</mVns_per_phe>
<sigma_mVns_per_phe>9.94</sigma_mVns_per_phe>
<error_mVns_per_phe>0.12535</error_mVns_per_phe>
</channel>
<channel>
<PMT_number>12</PMT_number>
<PMT_bias_V>-1145</PMT_bias_V>
<mVns_per_phe>21.2391</mVns_per_phe>
<sigma_mVns_per_phe>10.1837</sigma_mVns_per_phe>
<error_mVns_per_phe>0.097154</error_mVns_per_phe>
</channel>
<channel>
<PMT_number>13</PMT_number>
<PMT_bias_V>-1150</PMT_bias_V>
<mVns_per_phe>22.6195</mVns_per_phe>
<sigma_mVns_per_phe>11.3174</sigma_mVns_per_phe>
<error_mVns_per_phe>0.10911</error_mVns_per_phe>
</channel>
<channel>
<PMT_number>14</PMT_number>
<PMT_bias_V>-1270</PMT_bias_V>
<mVns_per_phe>24.8311</mVns_per_phe>
<sigma_mVns_per_phe>13.0956</sigma_mVns_per_phe>
<error_mVns_per_phe>0.12784</error_mVns_per_phe>
</channel>
<channel>
<PMT_number>15</PMT_number>
<PMT_bias_V>-1235</PMT_bias_V>
<mVns_per_phe>21.6696</mVns_per_phe>
<sigma_mVns_per_phe>10.724</sigma_mVns_per_phe>
<error_mVns_per_phe>0.099364</error_mVns_per_phe>
</channel>
<channel>
<PMT_number>16</PMT_number>
<PMT_bias_V>-1290</PMT_bias_V>
<mVns_per_phe>22.9234</mVns_per_phe>
<sigma_mVns_per_phe>11.2348</sigma_mVns_per_phe>
<error_mVns_per_phe>0.09327</error_mVns_per_phe>
</channel>
<channel>
<PMT_number>17</PMT_number>
<PMT_bias_V>-1250</PMT_bias_V>
<mVns_per_phe>20.1873</mVns_per_phe>
<sigma_mVns_per_phe>10.0047</sigma_mVns_per_phe>
<error_mVns_per_phe>0.083811</error_mVns_per_phe>
</channel>
<channel>
<PMT_number>18</PMT_number>
<PMT_bias_V>-1235</PMT_bias_V>
<mVns_per_phe>23.5295</mVns_per_phe>
<sigma_mVns_per_phe>11.6901</sigma_mVns_per_phe>
<error_mVns_per_phe>0.094261</error_mVns_per_phe>
</channel>
<channel>
<PMT_number>19</PMT_number>
<PMT_bias_V>-1320</PMT_bias_V>
<mVns_per_phe>22.8224</mVns_per_phe>
<sigma_mVns_per_phe>10.7777</sigma_mVns_per_phe>
<error_mVns_per_phe>0.082087</error_mVns_per_phe>
</channel>
<channel>
<PMT_number>20</PMT_number>
<PMT_bias_V>-1310</PMT_bias_V>
<mVns_per_phe>21.6972</mVns_per_phe>
<sigma_mVns_per_phe>10.5821</sigma_mVns_per_phe>
<error_mVns_per_phe>0.08635</error_mVns_per_phe>
</channel>
<channel>
<PMT_number>21</PMT_number>
<PMT_bias_V>-1060</PMT_bias_V>
<mVns_per_phe>19.176</mVns_per_phe>
<sigma_mVns_per_phe>9.2859</sigma_mVns_per_phe>
<error_mVns_per_phe>0.11096</error_mVns_per_phe>
</channel>
<channel>
<PMT_number>22</PMT_number>
<PMT_bias_V>-1235</PMT_bias_V>
<mVns_per_phe>23.8293</mVns_per_phe>
<sigma_mVns_per_phe>12.3474</sigma_mVns_per_phe>
<error_mVns_per_phe>0.11023</error_mVns_per_phe>
</channel>
<channel>
<PMT_number>23</PMT_number>
<PMT_bias_V>-1140</PMT_bias_V>
<mVns_per_phe>21.4876</mVns_per_phe>
<sigma_mVns_per_phe>10.6501</sigma_mVns_per_phe>
<error_mVns_per_phe>0.097896</error_mVns_per_phe>
</channel>
<channel>
<PMT_number>24</PMT_number>
<PMT_bias_V>-1310</PMT_bias_V>
<mVns_per_phe>24.9433</mVns_per_phe>
<sigma_mVns_per_phe>12.3223</sigma_mVns_per_phe>
<error_mVns_per_phe>0.11546</error_mVns_per_phe>
</channel>
<channel>
<PMT_number>25</PMT_number>
<PMT_bias_V>-1150</PMT_bias_V>
<mVns_per_phe>22.597</mVns_per_phe>
<sigma_mVns_per_phe>11.7288</sigma_mVns_per_phe>
<error_mVns_per_phe>0.10867</error_mVns_per_phe>
</channel>
<channel>
<PMT_number>26</PMT_number>
<PMT_bias_V>-1150</PMT_bias_V>
<mVns_per_phe>17.8494</mVns_per_phe>
<sigma_mVns_per_phe>9.6987</sigma_mVns_per_phe>
<error_mVns_per_phe>0.087779</error_mVns_per_phe>
</channel>
<channel>
<PMT_number>27</PMT_number>
<PMT_bias_V>-1250</PMT_bias_V>
<mVns_per_phe>24.0745</mVns_per_phe>
<sigma_mVns_per_phe>11.7719</sigma_mVns_per_phe>
<error_mVns_per_phe>0.10034</error_mVns_per_phe>
</channel>
<channel>
<PMT_number>28</PMT_number>
<PMT_bias_V>-1260</PMT_bias_V>
<mVns_per_phe>21.2055</mVns_per_phe>
<sigma_mVns_per_phe>10.85</sigma_mVns_per_phe>
<error_mVns_per_phe>0.085887</error_mVns_per_phe>
</channel>
<channel>
<PMT_number>29</PMT_number>
<PMT_bias_V>-1290</PMT_bias_V>
<mVns_per_phe>22.6228</mVns_per_phe>
<sigma_mVns_per_phe>11.1202</sigma_mVns_per_phe>
<error_mVns_per_phe>0.089338</error_mVns_per_phe>
</channel>
<channel>
<PMT_number>30</PMT_number>
<PMT_bias_V>-1240</PMT_bias_V>
<mVns_per_phe>20.6204</mVns_per_phe>
<sigma_mVns_per_phe>10.5821</sigma_mVns_per_phe>
<error_mVns_per_phe>0.08783</error_mVns_per_phe>
</channel>
<channel>
<PMT_number>31</PMT_number>
<PMT_bias_V>-1140</PMT_bias_V>
<mVns_per_phe>21.8352</mVns_per_phe>
<sigma_mVns_per_phe>9.6877</sigma_mVns_per_phe>
<error_mVns_per_phe>0.10465</error_mVns_per_phe>
</channel>
<channel>
<PMT_number>32</PMT_number>
<PMT_bias_V>0</PMT_bias_V>
<mVns_per_phe>9000000000</mVns_per_phe>
<sigma_mVns_per_phe>9000000000</sigma_mVns_per_phe>
<error_mVns_per_phe>9000000000</error_mVns_per_phe>
</channel>
<channel>
<PMT_number>33</PMT_number>
<PMT_bias_V>-1145</PMT_bias_V>
<mVns_per_phe>20.4526</mVns_per_phe>
<sigma_mVns_per_phe>10.332</sigma_mVns_per_phe>
<error_mVns_per_phe>0.096034</error_mVns_per_phe>
</channel>
<channel>
<PMT_number>34</PMT_number>
<PMT_bias_V>-1140</PMT_bias_V>
<mVns_per_phe>22.4432</mVns_per_phe>
<sigma_mVns_per_phe>11.4172</sigma_mVns_per_phe>
<error_mVns_per_phe>0.11699</error_mVns_per_phe>
</channel>
<channel>
<PMT_number>35</PMT_number>
<PMT_bias_V>-1130</PMT_bias_V>
<mVns_per_phe>25.3969</mVns_per_phe>
<sigma_mVns_per_phe>14.3381</sigma_mVns_per_phe>
<error_mVns_per_phe>0.14351</error_mVns_per_phe>
</channel>
<channel>
<PMT_number>36</PMT_number>
<PMT_bias_V>-1215</PMT_bias_V>
<mVns_per_phe>20.8939</mVns_per_phe>
<sigma_mVns_per_phe>10.8298</sigma_mVns_per_phe>
<error_mVns_per_phe>0.09443</error_mVns_per_phe>
</channel>
<channel>
<PMT_number>37</PMT_number>
<PMT_bias_V>-1290</PMT_bias_V>
<mVns_per_phe>20.4486</mVns_per_phe>
<sigma_mVns_per_phe>10.3972</sigma_mVns_per_phe>
<error_mVns_per_phe>0.0885</error_mVns_per_phe>
</channel>
<channel>
<PMT_number>38</PMT_number>
<PMT_bias_V>-1260</PMT_bias_V>
<mVns_per_phe>20.9771</mVns_per_phe>
<sigma_mVns_per_phe>11.1068</sigma_mVns_per_phe>
<error_mVns_per_phe>0.08716</error_mVns_per_phe>
</channel>
<channel>
<PMT_number>39</PMT_number>
<PMT_bias_V>-1260</PMT_bias_V>
<mVns_per_phe>21.0444</mVns_per_phe>
<sigma_mVns_per_phe>10.2713</sigma_mVns_per_phe>
<error_mVns_per_phe>0.081753</error_mVns_per_phe>
</channel>
<channel>
<PMT_number>40</PMT_number>
<PMT_bias_V>-1260</PMT_bias_V>
<mVns_per_phe>24.7548</mVns_per_phe>
<sigma_mVns_per_phe>12.6282</sigma_mVns_per_phe>
<error_mVns_per_phe>0.095842</error_mVns_per_phe>
</channel>
<channel>
<PMT_number>41</PMT_number>
<PMT_bias_V>-1145</PMT_bias_V>
<mVns_per_phe>18.4609</mVns_per_phe>
<sigma_mVns_per_phe>9.713</sigma_mVns_per_phe>
<error_mVns_per_phe>0.13427</error_mVns_per_phe>
</channel>
<channel>
<PMT_number>42</PMT_number>
<PMT_bias_V>-1060</PMT_bias_V>
<mVns_per_phe>19.0017</mVns_per_phe>
<sigma_mVns_per_phe>10.4826</sigma_mVns_per_phe>
<error_mVns_per_phe>0.10506</error_mVns_per_phe>
</channel>
<channel>
<PMT_number>43</PMT_number>
<PMT_bias_V>-1290</PMT_bias_V>
<mVns_per_phe>23.3685</mVns_per_phe>
<sigma_mVns_per_phe>10.5174</sigma_mVns_per_phe>
<error_mVns_per_phe>0.10302</error_mVns_per_phe>
</channel>
<channel>
<PMT_number>44</PMT_number>
<PMT_bias_V>-1140</PMT_bias_V>
<mVns_per_phe>22.3889</mVns_per_phe>
<sigma_mVns_per_phe>11.3615</sigma_mVns_per_phe>
<error_mVns_per_phe>0.11045</error_mVns_per_phe>
</channel>
<channel>
<PMT_number>45</PMT_number>
<PMT_bias_V>-1260</PMT_bias_V>
<mVns_per_phe>21.6543</mVns_per_phe>
<sigma_mVns_per_phe>10.5988</sigma_mVns_per_phe>
<error_mVns_per_phe>0.096548</error_mVns_per_phe>
</channel>
<channel>
<PMT_number>46</PMT_number>
<PMT_bias_V>-1130</PMT_bias_V>
<mVns_per_phe>19.7663</mVns_per_phe>
<sigma_mVns_per_phe>10.3651</sigma_mVns_per_phe>
<error_mVns_per_phe>0.090325</error_mVns_per_phe>
</channel>
<channel>
<PMT_number>47</PMT_number>
<PMT_bias_V>-1165</PMT_bias_V>
<mVns_per_phe>19.9499</mVns_per_phe>
<sigma_mVns_per_phe>10.7865</sigma_mVns_per_phe>
<error_mVns_per_phe>0.099935</error_mVns_per_phe>
</channel>
<channel>
<PMT_number>48</PMT_number>
<PMT_bias_V>-1145</PMT_bias_V>
<mVns_per_phe>27.821</mVns_per_phe>
<sigma_mVns_per_phe>13.9458</sigma_mVns_per_phe>
<error_mVns_per_phe>0.10898</error_mVns_per_phe>
</channel>
<channel>
<PMT_number>49</PMT_number>
<PMT_bias_V>-1165</PMT_bias_V>
<mVns_per_phe>19.3517</mVns_per_phe>
<sigma_mVns_per_phe>10.5958</sigma_mVns_per_phe>
<error_mVns_per_phe>0.087705</error_mVns_per_phe>
</channel>
<channel>
<PMT_number>50</PMT_number>
<PMT_bias_V>-1240</PMT_bias_V>
<mVns_per_phe>20.1696</mVns_per_phe>
<sigma_mVns_per_phe>11.268</sigma_mVns_per_phe>
<error_mVns_per_phe>0.089859</error_mVns_per_phe>
</channel>
<channel>
<PMT_number>51</PMT_number>
<PMT_bias_V>-1450</PMT_bias_V>
<mVns_per_phe>20.9435</mVns_per_phe>
<sigma_mVns_per_phe>9.9888</sigma_mVns_per_phe>
<error_mVns_per_phe>0.12436</error_mVns_per_phe>
</channel>
<channel>
<PMT_number>52</PMT_number>
<PMT_bias_V>-1370</PMT_bias_V>
<mVns_per_phe>21.2997</mVns_per_phe>
<sigma_mVns_per_phe>10.545</sigma_mVns_per_phe>
<error_mVns_per_phe>0.097132</error_mVns_per_phe>
</channel>
<channel>
<PMT_number>53</PMT_number>
<PMT_bias_V>-1340</PMT_bias_V>
<mVns_per_phe>23.2698</mVns_per_phe>
<sigma_mVns_per_phe>11.4537</sigma_mVns_per_phe>
<error_mVns_per_phe>0.1091</error_mVns_per_phe>
</channel>
<channel>
<PMT_number>54</PMT_number>
<PMT_bias_V>-1085</PMT_bias_V>
<mVns_per_phe>24.2068</mVns_per_phe>
<sigma_mVns_per_phe>12.8671</sigma_mVns_per_phe>
<error_mVns_per_phe>0.12925</error_mVns_per_phe>
</channel>
<channel>
<PMT_number>55</PMT_number>
<PMT_bias_V>-1270</PMT_bias_V>
<mVns_per_phe>20.8767</mVns_per_phe>
<sigma_mVns_per_phe>10.7676</sigma_mVns_per_phe>
<error_mVns_per_phe>0.1029</error_mVns_per_phe>
</channel>
<channel>
<PMT_number>56</PMT_number>
<PMT_bias_V>-1090</PMT_bias_V>
<mVns_per_phe>21.6503</mVns_per_phe>
<sigma_mVns_per_phe>10.5329</sigma_mVns_per_phe>
<error_mVns_per_phe>0.086316</error_mVns_per_phe>
</channel>
<channel>
<PMT_number>57</PMT_number>
<PMT_bias_V>-1120</PMT_bias_V>
<mVns_per_phe>17.1813</mVns_per_phe>
<sigma_mVns_per_phe>9.0804</sigma_mVns_per_phe>
<error_mVns_per_phe>0.075409</error_mVns_per_phe>
</channel>
<channel>
<PMT_number>58</PMT_number>
<PMT_bias_V>-1140</PMT_bias_V>
<mVns_per_phe>17.5913</mVns_per_phe>
<sigma_mVns_per_phe>10.0271</sigma_mVns_per_phe>
<error_mVns_per_phe>0.087957</error_mVns_per_phe>
</channel>
<channel>
<PMT_number>59</PMT_number>
<PMT_bias_V>-1180</PMT_bias_V>
<mVns_per_phe>23.51</mVns_per_phe>
<sigma_mVns_per_phe>12.2509</sigma_mVns_per_phe>
<error_mVns_per_phe>0.10108</error_mVns_per_phe>
</channel>
<channel>
<PMT_number>60</PMT_number>
<PMT_bias_V>-1450</PMT_bias_V>
<mVns_per_phe>16.7346</mVns_per_phe>
<sigma_mVns_per_phe>8.5021</sigma_mVns_per_phe>
<error_mVns_per_phe>0.065401</error_mVns_per_phe>
</channel>
<channel>
<PMT_number>61</PMT_number>
<PMT_bias_V>-1450</PMT_bias_V>
<mVns_per_phe>32.0135</mVns_per_phe>
<sigma_mVns_per_phe>14.5874</sigma_mVns_per_phe>
<error_mVns_per_phe>0.128</error_mVns_per_phe>
</channel>
<channel>
<PMT_number>62</PMT_number>
<PMT_bias_V>-1290</PMT_bias_V>
<mVns_per_phe>22.8581</mVns_per_phe>
<sigma_mVns_per_phe>11.6012</sigma_mVns_per_phe>
<error_mVns_per_phe>0.087612</error_mVns_per_phe>
</channel>
<channel>
<PMT_number>63</PMT_number>
<PMT_bias_V>-1140</PMT_bias_V>
<mVns_per_phe>25.551</mVns_per_phe>
<sigma_mVns_per_phe>14.189</sigma_mVns_per_phe>
<error_mVns_per_phe>0.11206</error_mVns_per_phe>
</channel>
<channel>
<PMT_number>64</PMT_number>
<PMT_bias_V>-1260</PMT_bias_V>
<mVns_per_phe>24.6718</mVns_per_phe>
<sigma_mVns_per_phe>11.0737</sigma_mVns_per_phe>
<error_mVns_per_phe>0.078682</error_mVns_per_phe>
</channel>
<channel>
<PMT_number>65</PMT_number>
<PMT_bias_V>-1600</PMT_bias_V>
<mVns_per_phe>34.4115</mVns_per_phe>
<sigma_mVns_per_phe>38.4957</sigma_mVns_per_phe>
<error_mVns_per_phe>0.26491</error_mVns_per_phe>
</channel>
<channel>
<PMT_number>66</PMT_number>
<PMT_bias_V>-1180</PMT_bias_V>
<mVns_per_phe>20.6668</mVns_per_phe>
<sigma_mVns_per_phe>10.0346</sigma_mVns_per_phe>
<error_mVns_per_phe>0.075528</error_mVns_per_phe>
</channel>
<channel>
<PMT_number>67</PMT_number>
<PMT_bias_V>-1260</PMT_bias_V>
<mVns_per_phe>23.7256</mVns_per_phe>
<sigma_mVns_per_phe>10.8389</sigma_mVns_per_phe>
<error_mVns_per_phe>0.079586</error_mVns_per_phe>
</channel>
<channel>
<PMT_number>68</PMT_number>
<PMT_bias_V>-1090</PMT_bias_V>
<mVns_per_phe>23.7767</mVns_per_phe>
<sigma_mVns_per_phe>11.1348</sigma_mVns_per_phe>
<error_mVns_per_phe>0.083183</error_mVns_per_phe>
</channel>
<channel>
<PMT_number>69</PMT_number>
<PMT_bias_V>-1130</PMT_bias_V>
<mVns_per_phe>21.7131</mVns_per_phe>
<sigma_mVns_per_phe>10.1455</sigma_mVns_per_phe>
<error_mVns_per_phe>0.072929</error_mVns_per_phe>
</channel>
<channel>
<PMT_number>70</PMT_number>
<PMT_bias_V>-1185</PMT_bias_V>
<mVns_per_phe>21.9409</mVns_per_phe>
<sigma_mVns_per_phe>10.5198</sigma_mVns_per_phe>
<error_mVns_per_phe>0.076285</error_mVns_per_phe>
</channel>
<channel>
<PMT_number>71</PMT_number>
<PMT_bias_V>-1310</PMT_bias_V>
<mVns_per_phe>19.8312</mVns_per_phe>
<sigma_mVns_per_phe>8.991</sigma_mVns_per_phe>
<error_mVns_per_phe>0.079056</error_mVns_per_phe>
</channel>
<channel>
<PMT_number>72</PMT_number>
<PMT_bias_V>-1090</PMT_bias_V>
<mVns_per_phe>20.0542</mVns_per_phe>
<sigma_mVns_per_phe>8.844</sigma_mVns_per_phe>
<error_mVns_per_phe>0.084127</error_mVns_per_phe>
</channel>
<channel>
<PMT_number>73</PMT_number>
<PMT_bias_V>-1180</PMT_bias_V>
<mVns_per_phe>22.0817</mVns_per_phe>
<sigma_mVns_per_phe>11.1852</sigma_mVns_per_phe>
<error_mVns_per_phe>0.088383</error_mVns_per_phe>
</channel>
<channel>
<PMT_number>74</PMT_number>
<PMT_bias_V>-1085</PMT_bias_V>
<mVns_per_phe>18.0702</mVns_per_phe>
<sigma_mVns_per_phe>8.6857</sigma_mVns_per_phe>
<error_mVns_per_phe>0.07075</error_mVns_per_phe>
</channel>
<channel>
<PMT_number>75</PMT_number>
<PMT_bias_V>-1185</PMT_bias_V>
<mVns_per_phe>28.7072</mVns_per_phe>
<sigma_mVns_per_phe>12.8265</sigma_mVns_per_phe>
<error_mVns_per_phe>0.088934</error_mVns_per_phe>
</channel>
<channel>
<PMT_number>76</PMT_number>
<PMT_bias_V>-1290</PMT_bias_V>
<mVns_per_phe>22.7977</mVns_per_phe>
<sigma_mVns_per_phe>10.7554</sigma_mVns_per_phe>
<error_mVns_per_phe>0.081728</error_mVns_per_phe>
</channel>
<channel>
<PMT_number>77</PMT_number>
<PMT_bias_V>-1140</PMT_bias_V>
<mVns_per_phe>26.8426</mVns_per_phe>
<sigma_mVns_per_phe>12.4619</sigma_mVns_per_phe>
<error_mVns_per_phe>0.10065</error_mVns_per_phe>
</channel>
<channel>
<PMT_number>78</PMT_number>
<PMT_bias_V>-1140</PMT_bias_V>
<mVns_per_phe>21.6667</mVns_per_phe>
<sigma_mVns_per_phe>11.0195</sigma_mVns_per_phe>
<error_mVns_per_phe>0.088015</error_mVns_per_phe>
</channel>
<channel>
<PMT_number>79</PMT_number>
<PMT_bias_V>-1340</PMT_bias_V>
<mVns_per_phe>21.9912</mVns_per_phe>
<sigma_mVns_per_phe>10.0841</sigma_mVns_per_phe>
<error_mVns_per_phe>0.055766</error_mVns_per_phe>
</channel>
<channel>
<PMT_number>80</PMT_number>
<PMT_bias_V>-1215</PMT_bias_V>
<mVns_per_phe>24.0693</mVns_per_phe>
<sigma_mVns_per_phe>11.3901</sigma_mVns_per_phe>
<error_mVns_per_phe>0.08611</error_mVns_per_phe>
</channel>
<channel>
<PMT_number>81</PMT_number>
<PMT_bias_V>-1145</PMT_bias_V>
<mVns_per_phe>21.4651</mVns_per_phe>
<sigma_mVns_per_phe>10.0585</sigma_mVns_per_phe>
<error_mVns_per_phe>0.091924</error_mVns_per_phe>
</channel>
<channel>
<PMT_number>82</PMT_number>
<PMT_bias_V>-1130</PMT_bias_V>
<mVns_per_phe>20.6073</mVns_per_phe>
<sigma_mVns_per_phe>10.6458</sigma_mVns_per_phe>
<error_mVns_per_phe>0.086625</error_mVns_per_phe>
</channel>
<channel>
<PMT_number>83</PMT_number>
<PMT_bias_V>-1085</PMT_bias_V>
<mVns_per_phe>20.0568</mVns_per_phe>
<sigma_mVns_per_phe>8.9231</sigma_mVns_per_phe>
<error_mVns_per_phe>0.071798</error_mVns_per_phe>
</channel>
<channel>
<PMT_number>84</PMT_number>
<PMT_bias_V>-1290</PMT_bias_V>
<mVns_per_phe>21.5284</mVns_per_phe>
<sigma_mVns_per_phe>10.6373</sigma_mVns_per_phe>
<error_mVns_per_phe>0.074307</error_mVns_per_phe>
</channel>
<channel>
<PMT_number>85</PMT_number>
<PMT_bias_V>-1060</PMT_bias_V>
<mVns_per_phe>22.1666</mVns_per_phe>
<sigma_mVns_per_phe>10.1436</sigma_mVns_per_phe>
<error_mVns_per_phe>0.078115</error_mVns_per_phe>
</channel>
<channel>
<PMT_number>86</PMT_number>
<PMT_bias_V>-1320</PMT_bias_V>
<mVns_per_phe>21.9252</mVns_per_phe>
<sigma_mVns_per_phe>10.2849</sigma_mVns_per_phe>
<error_mVns_per_phe>0.07594</error_mVns_per_phe>
</channel>
<channel>
<PMT_number>87</PMT_number>
<PMT_bias_V>-1190</PMT_bias_V>
<mVns_per_phe>22.9637</mVns_per_phe>
<sigma_mVns_per_phe>11.7719</sigma_mVns_per_phe>
<error_mVns_per_phe>0.091947</error_mVns_per_phe>
</channel>
<channel>
<PMT_number>88</PMT_number>
<PMT_bias_V>-1140</PMT_bias_V>
<mVns_per_phe>29.1773</mVns_per_phe>
<sigma_mVns_per_phe>13.6597</sigma_mVns_per_phe>
<error_mVns_per_phe>0.093204</error_mVns_per_phe>
</channel>
<channel>
<PMT_number>89</PMT_number>
<PMT_bias_V>-1215</PMT_bias_V>
<mVns_per_phe>25.228</mVns_per_phe>
<sigma_mVns_per_phe>11.9829</sigma_mVns_per_phe>
<error_mVns_per_phe>0.096233</error_mVns_per_phe>
</channel>
<channel>
<PMT_number>90</PMT_number>
<PMT_bias_V>-1250</PMT_bias_V>
<mVns_per_phe>20.3647</mVns_per_phe>
<sigma_mVns_per_phe>10.0119</sigma_mVns_per_phe>
<error_mVns_per_phe>0.079713</error_mVns_per_phe>
</channel>
<channel>
<PMT_number>91</PMT_number>
<PMT_bias_V>-1140</PMT_bias_V>
<mVns_per_phe>24.8865</mVns_per_phe>
<sigma_mVns_per_phe>11.3936</sigma_mVns_per_phe>
<error_mVns_per_phe>0.10797</error_mVns_per_phe>
</channel>
<channel>
<PMT_number>92</PMT_number>
<PMT_bias_V>-1270</PMT_bias_V>
<mVns_per_phe>24.0856</mVns_per_phe>
<sigma_mVns_per_phe>12.6099</sigma_mVns_per_phe>
<error_mVns_per_phe>0.10086</error_mVns_per_phe>
</channel>
<channel>
<PMT_number>93</PMT_number>
<PMT_bias_V>0</PMT_bias_V>
<mVns_per_phe>9000000000</mVns_per_phe>
<sigma_mVns_per_phe>9000000000</sigma_mVns_per_phe>
<error_mVns_per_phe>9000000000</error_mVns_per_phe>
</channel>
<channel>
<PMT_number>94</PMT_number>
<PMT_bias_V>-1290</PMT_bias_V>
<mVns_per_phe>22.2213</mVns_per_phe>
<sigma_mVns_per_phe>10.0974</sigma_mVns_per_phe>
<error_mVns_per_phe>0.069414</error_mVns_per_phe>
</channel>
<channel>
<PMT_number>95</PMT_number>
<PMT_bias_V>-1260</PMT_bias_V>
<mVns_per_phe>19.9847</mVns_per_phe>
<sigma_mVns_per_phe>9.1527</sigma_mVns_per_phe>
<error_mVns_per_phe>0.064153</error_mVns_per_phe>
</channel>
<channel>
<PMT_number>96</PMT_number>
<PMT_bias_V>-1450</PMT_bias_V>
<mVns_per_phe>26.1389</mVns_per_phe>
<sigma_mVns_per_phe>11.9216</sigma_mVns_per_phe>
<error_mVns_per_phe>0.087552</error_mVns_per_phe>
</channel>
<channel>
<PMT_number>97</PMT_number>
<PMT_bias_V>-1085</PMT_bias_V>
<mVns_per_phe>21.4975</mVns_per_phe>
<sigma_mVns_per_phe>11.6796</sigma_mVns_per_phe>
<error_mVns_per_phe>0.093838</error_mVns_per_phe>
</channel>
<channel>
<PMT_number>98</PMT_number>
<PMT_bias_V>-1090</PMT_bias_V>
<mVns_per_phe>21.2694</mVns_per_phe>
<sigma_mVns_per_phe>10.5134</sigma_mVns_per_phe>
<error_mVns_per_phe>0.078347</error_mVns_per_phe>
</channel>
<channel>
<PMT_number>99</PMT_number>
<PMT_bias_V>-1185</PMT_bias_V>
<mVns_per_phe>23.7523</mVns_per_phe>
<sigma_mVns_per_phe>11.736</sigma_mVns_per_phe>
<error_mVns_per_phe>0.089796</error_mVns_per_phe>
</channel>
<channel>
<PMT_number>100</PMT_number>
<PMT_bias_V>-1190</PMT_bias_V>
<mVns_per_phe>22.3338</mVns_per_phe>
<sigma_mVns_per_phe>11.5977</sigma_mVns_per_phe>
<error_mVns_per_phe>0.086051</error_mVns_per_phe>
</channel>
<channel>
<PMT_number>101</PMT_number>
<PMT_bias_V>-1130</PMT_bias_V>
<mVns_per_phe>26.9998</mVns_per_phe>
<sigma_mVns_per_phe>13.9313</sigma_mVns_per_phe>
<error_mVns_per_phe>0.12733</error_mVns_per_phe>
</channel>
<channel>
<PMT_number>102</PMT_number>
<PMT_bias_V>-1060</PMT_bias_V>
<mVns_per_phe>19.7124</mVns_per_phe>
<sigma_mVns_per_phe>10.395</sigma_mVns_per_phe>
<error_mVns_per_phe>0.078892</error_mVns_per_phe>
</channel>
<channel>
<PMT_number>103</PMT_number>
<PMT_bias_V>-1130</PMT_bias_V>
<mVns_per_phe>18.8628</mVns_per_phe>
<sigma_mVns_per_phe>9.4997</sigma_mVns_per_phe>
<error_mVns_per_phe>0.074643</error_mVns_per_phe>
</channel>
<channel>
<PMT_number>104</PMT_number>
<PMT_bias_V>-1165</PMT_bias_V>
<mVns_per_phe>23.7003</mVns_per_phe>
<sigma_mVns_per_phe>10.966</sigma_mVns_per_phe>
<error_mVns_per_phe>0.080626</error_mVns_per_phe>
</channel>
<channel>
<PMT_number>105</PMT_number>
<PMT_bias_V>-1370</PMT_bias_V>
<mVns_per_phe>19.7007</mVns_per_phe>
<sigma_mVns_per_phe>9.4688</sigma_mVns_per_phe>
<error_mVns_per_phe>0.068612</error_mVns_per_phe>
</channel>
<channel>
<PMT_number>106</PMT_number>
<PMT_bias_V>-1185</PMT_bias_V>
<mVns_per_phe>20.4213</mVns_per_phe>
<sigma_mVns_per_phe>9.6395</sigma_mVns_per_phe>
<error_mVns_per_phe>0.068499</error_mVns_per_phe>
</channel>
<channel>
<PMT_number>107</PMT_number>
<PMT_bias_V>-1290</PMT_bias_V>
<mVns_per_phe>22.0028</mVns_per_phe>
<sigma_mVns_per_phe>10.0321</sigma_mVns_per_phe>
<error_mVns_per_phe>0.072836</error_mVns_per_phe>
</channel>
<channel>
<PMT_number>108</PMT_number>
<PMT_bias_V>-1290</PMT_bias_V>
<mVns_per_phe>21.6459</mVns_per_phe>
<sigma_mVns_per_phe>10.1838</sigma_mVns_per_phe>
<error_mVns_per_phe>0.072402</error_mVns_per_phe>
</channel>
<channel>
<PMT_number>109</PMT_number>
<PMT_bias_V>-1145</PMT_bias_V>
<mVns_per_phe>19.9733</mVns_per_phe>
<sigma_mVns_per_phe>9.3608</sigma_mVns_per_phe>
<error_mVns_per_phe>0.06744</error_mVns_per_phe>
</channel>
<channel>
<PMT_number>110</PMT_number>
<PMT_bias_V>-1270</PMT_bias_V>
<mVns_per_phe>22.1988</mVns_per_phe>
<sigma_mVns_per_phe>11.5927</sigma_mVns_per_phe>
<error_mVns_per_phe>0.089658</error_mVns_per_phe>
</channel>
<channel>
<PMT_number>111</PMT_number>
<PMT_bias_V>-1140</PMT_bias_V>
<mVns_per_phe>22.1146</mVns_per_phe>
<sigma_mVns_per_phe>11.1495</sigma_mVns_per_phe>
<error_mVns_per_phe>0.11199</error_mVns_per_phe>
</channel>
<channel>
<PMT_number>112</PMT_number>
<PMT_bias_V>-1215</PMT_bias_V>
<mVns_per_phe>22.5143</mVns_per_phe>
<sigma_mVns_per_phe>10.1163</sigma_mVns_per_phe>
<error_mVns_per_phe>0.077172</error_mVns_per_phe>
</channel>
<channel>
<PMT_number>113</PMT_number>
<PMT_bias_V>-1320</PMT_bias_V>
<mVns_per_phe>20.6326</mVns_per_phe>
<sigma_mVns_per_phe>10.4462</sigma_mVns_per_phe>
<error_mVns_per_phe>0.082206</error_mVns_per_phe>
</channel>
<channel>
<PMT_number>114</PMT_number>
<PMT_bias_V>-1240</PMT_bias_V>
<mVns_per_phe>22.0524</mVns_per_phe>
<sigma_mVns_per_phe>10.163</sigma_mVns_per_phe>
<error_mVns_per_phe>0.076122</error_mVns_per_phe>
</channel>
<channel>
<PMT_number>115</PMT_number>
<PMT_bias_V>-1340</PMT_bias_V>
<mVns_per_phe>24.2047</mVns_per_phe>
<sigma_mVns_per_phe>11.0919</sigma_mVns_per_phe>
<error_mVns_per_phe>0.080228</error_mVns_per_phe>
</channel>
<channel>
<PMT_number>116</PMT_number>
<PMT_bias_V>-1130</PMT_bias_V>
<mVns_per_phe>20.7251</mVns_per_phe>
<sigma_mVns_per_phe>10.0203</sigma_mVns_per_phe>
<error_mVns_per_phe>0.079058</error_mVns_per_phe>
</channel>
<channel>
<PMT_number>117</PMT_number>
<PMT_bias_V>-1320</PMT_bias_V>
<mVns_per_phe>22.4631</mVns_per_phe>
<sigma_mVns_per_phe>10.3482</sigma_mVns_per_phe>
<error_mVns_per_phe>0.075344</error_mVns_per_phe>
</channel>
<channel>
<PMT_number>118</PMT_number>
<PMT_bias_V>-1165</PMT_bias_V>
<mVns_per_phe>21.0286</mVns_per_phe>
<sigma_mVns_per_phe>10.3162</sigma_mVns_per_phe>
<error_mVns_per_phe>0.08071</error_mVns_per_phe>
</channel>
<channel>
<PMT_number>119</PMT_number>
<PMT_bias_V>-1150</PMT_bias_V>
<mVns_per_phe>21.4248</mVns_per_phe>
<sigma_mVns_per_phe>10.1863</sigma_mVns_per_phe>
<error_mVns_per_phe>0.075236</error_mVns_per_phe>
</channel>
<channel>
<PMT_number>120</PMT_number>
<PMT_bias_V>-1235</PMT_bias_V>
<mVns_per_phe>25.817</mVns_per_phe>
<sigma_mVns_per_phe>13.4038</sigma_mVns_per_phe>
<error_mVns_per_phe>0.10485</error_mVns_per_phe>
</channel>
<channel>
<PMT_number>121</PMT_number>
<PMT_bias_V>-1120</PMT_bias_V>
<mVns_per_phe>20.7075</mVns_per_phe>
<sigma_mVns_per_phe>10.7844</sigma_mVns_per_phe>
<error_mVns_per_phe>0.08278</error_mVns_per_phe>
</channel>
<channel>
<PMT_number>122</PMT_number>
<PMT_bias_V>-1290</PMT_bias_V>
<mVns_per_phe>19.6274</mVns_per_phe>
<sigma_mVns_per_phe>10.0939</sigma_mVns_per_phe>
<error_mVns_per_phe>0.078725</error_mVns_per_phe>
</channel>
</fit>
</iq>