<module>
        <module_type>PulseQuantities</module_type>
        <module_name>PulseQuantities_MinimumSet</module_name>
        <run_order>6</run_order>
        <language>matlab</language>
        <relative_path>MatlabModules/PulseQuantities_MinimumSet/PulseQuantities_MinimumSet.m</relative_path>
        <parameters>
                <exponential_fit>
                    <TolFun>1e-2</TolFun>
                    <TolX>1e-2</TolX>
                    <MaxFunEvals>100</MaxFunEvals>
                    <MaxIter>100</MaxIter>
                </exponential_fit>
                <gaussian_fit>
                    <TolFun>1e-2</TolFun>
                    <TolX>1e-2</TolX>
                    <MaxFunEvals>100</MaxFunEvals>
                    <MaxIter>100</MaxIter>
                </gaussian_fit>  
                <prompt_fraction>
                    <preBins_samples>2</preBins_samples>
                    <windowBins_samples>10</windowBins_samples>
                </prompt_fraction>
                <s2filter>
                    <s1window_samples>50</s1window_samples>
                    <s2window_samples>200</s2window_samples>
                </s2filter>
                <saturation_flags>
                    <daq_saturation_threshold_mV>1800</daq_saturation_threshold_mV>
                    <pmt_saturation_2pct_threshold_mV>1600</pmt_saturation_2pct_threshold_mV>
                </saturation_flags>
            <thr_phe>0.05</thr_phe>
	        <preBoxSamples>50</preBoxSamples>
		<skinnyBoxSamples>10</skinnyBoxSamples>
           </parameters>
        <required_iqs>pmt_gains:vuv_gains:1.0,per_pod_spurious_area:empty_se_response_mean:1.0</required_iqs>
    </module>
